"alg","N","ub","lb","n","d","seed","totaltime","max_particles","tot_particles","scoretype","am","aw","chi","edgepf"
"dnc",300,1,0.25,30,0,1,0.0190000000000001,"1","30","bge",0.1,"NULL",0.5,2
"gobnilp",300,1,0.25,30,0,1,0.602698,"NULL","NULL","bge",0.1,"NULL",0.5,2
"dnc",300,1,0.25,30,0,2,0.0260000000000016,"1","30","bge",0.1,"NULL",0.5,2
"gobnilp",300,1,0.25,30,0,2,0.6849,"NULL","NULL","bge",0.1,"NULL",0.5,2
"dnc",300,1,0.25,30,0,3,0.0240000000000009,"1","30","bge",0.1,"NULL",0.5,2
"gobnilp",300,1,0.25,30,0,3,0.633409,"NULL","NULL","bge",0.1,"NULL",0.5,2
"dnc",300,1,0.25,30,0,4,0.0249999999999986,"1","30","bge",0.1,"NULL",0.5,2
"gobnilp",300,1,0.25,30,0,4,0.704723,"NULL","NULL","bge",0.1,"NULL",0.5,2
"dnc",300,1,0.25,30,0,5,0.0259999999999998,"1","30","bge",0.1,"NULL",0.5,2
"gobnilp",300,1,0.25,30,0,5,0.706758,"NULL","NULL","bge",0.1,"NULL",0.5,2
"dnc",300,1,0.25,30,0,6,0.0299999999999994,"1","30","bge",0.1,"NULL",0.5,2
"gobnilp",300,1,0.25,30,0,6,1.350973,"NULL","NULL","bge",0.1,"NULL",0.5,2
"dnc",300,1,0.25,30,0,7,0.0249999999999986,"1","30","bge",0.1,"NULL",0.5,2
"gobnilp",300,1,0.25,30,0,7,0.712295,"NULL","NULL","bge",0.1,"NULL",0.5,2
"dnc",300,1,0.25,30,0,8,0.027000000000001,"1","30","bge",0.1,"NULL",0.5,2
"gobnilp",300,1,0.25,30,0,8,0.764982,"NULL","NULL","bge",0.1,"NULL",0.5,2
"dnc",300,1,0.25,30,0,9,0.0290000000000017,"1","30","bge",0.1,"NULL",0.5,2
"gobnilp",300,1,0.25,30,0,9,0.815878,"NULL","NULL","bge",0.1,"NULL",0.5,2
"dnc",300,1,0.25,30,0,10,0.0250000000000004,"1","30","bge",0.1,"NULL",0.5,2
"gobnilp",300,1,0.25,30,0,10,0.640115,"NULL","NULL","bge",0.1,"NULL",0.5,2
"dnc",300,1,0.25,30,0,11,0.0269999999999992,"1","30","bge",0.1,"NULL",0.5,2
"gobnilp",300,1,0.25,30,0,11,0.824607,"NULL","NULL","bge",0.1,"NULL",0.5,2
"dnc",300,1,0.25,30,0,12,0.0250000000000004,"1","30","bge",0.1,"NULL",0.5,2
"gobnilp",300,1,0.25,30,0,12,0.545455,"NULL","NULL","bge",0.1,"NULL",0.5,2
"dnc",300,1,0.25,30,0,13,0.0280000000000005,"1","30","bge",0.1,"NULL",0.5,2
"gobnilp",300,1,0.25,30,0,13,0.652687,"NULL","NULL","bge",0.1,"NULL",0.5,2
"dnc",300,1,0.25,30,0,14,0.0269999999999992,"1","30","bge",0.1,"NULL",0.5,2
"gobnilp",300,1,0.25,30,0,14,0.542128,"NULL","NULL","bge",0.1,"NULL",0.5,2
"dnc",300,1,0.25,30,0,15,0.0240000000000009,"1","30","bge",0.1,"NULL",0.5,2
"gobnilp",300,1,0.25,30,0,15,0.684955,"NULL","NULL","bge",0.1,"NULL",0.5,2
"dnc",300,1,0.25,30,0,16,0.0250000000000004,"1","30","bge",0.1,"NULL",0.5,2
"gobnilp",300,1,0.25,30,0,16,0.620828,"NULL","NULL","bge",0.1,"NULL",0.5,2
"dnc",300,1,0.25,30,0,17,0.0200000000000014,"1","30","bge",0.1,"NULL",0.5,2
"gobnilp",300,1,0.25,30,0,17,0.595294,"NULL","NULL","bge",0.1,"NULL",0.5,2
"dnc",300,1,0.25,30,0,18,0.0259999999999998,"1","30","bge",0.1,"NULL",0.5,2
"gobnilp",300,1,0.25,30,0,18,0.658335,"NULL","NULL","bge",0.1,"NULL",0.5,2
"dnc",300,1,0.25,30,0,19,0.0259999999999998,"1","30","bge",0.1,"NULL",0.5,2
"gobnilp",300,1,0.25,30,0,19,0.717428,"NULL","NULL","bge",0.1,"NULL",0.5,2
"dnc",300,1,0.25,30,0,20,0.0269999999999992,"1","30","bge",0.1,"NULL",0.5,2
"gobnilp",300,1,0.25,30,0,20,0.670039,"NULL","NULL","bge",0.1,"NULL",0.5,2
"dnc",300,1,0.25,30,0,21,0.0249999999999986,"1","30","bge",0.1,"NULL",0.5,2
"gobnilp",300,1,0.25,30,0,21,0.907227,"NULL","NULL","bge",0.1,"NULL",0.5,2
"dnc",300,1,0.25,30,0,22,0.0259999999999998,"1","30","bge",0.1,"NULL",0.5,2
"gobnilp",300,1,0.25,30,0,22,0.611921,"NULL","NULL","bge",0.1,"NULL",0.5,2
"dnc",300,1,0.25,30,0,23,0.0240000000000009,"1","30","bge",0.1,"NULL",0.5,2
"gobnilp",300,1,0.25,30,0,23,0.702574,"NULL","NULL","bge",0.1,"NULL",0.5,2
"dnc",300,1,0.25,30,0,24,0.0269999999999992,"1","30","bge",0.1,"NULL",0.5,2
"gobnilp",300,1,0.25,30,0,24,0.655626,"NULL","NULL","bge",0.1,"NULL",0.5,2
"dnc",300,1,0.25,30,0,25,0.0250000000000004,"1","30","bge",0.1,"NULL",0.5,2
"gobnilp",300,1,0.25,30,0,25,1.082091,"NULL","NULL","bge",0.1,"NULL",0.5,2
"dnc",300,1,0.25,30,0,26,0.0250000000000004,"1","30","bge",0.1,"NULL",0.5,2
"gobnilp",300,1,0.25,30,0,26,0.607609,"NULL","NULL","bge",0.1,"NULL",0.5,2
"dnc",300,1,0.25,30,0,27,0.0249999999999986,"1","30","bge",0.1,"NULL",0.5,2
"gobnilp",300,1,0.25,30,0,27,0.850934,"NULL","NULL","bge",0.1,"NULL",0.5,2
"dnc",300,1,0.25,30,0,28,0.0239999999999991,"1","30","bge",0.1,"NULL",0.5,2
"gobnilp",300,1,0.25,30,0,28,0.491317,"NULL","NULL","bge",0.1,"NULL",0.5,2
"dnc",300,1,0.25,30,0,29,0.0250000000000004,"1","30","bge",0.1,"NULL",0.5,2
"gobnilp",300,1,0.25,30,0,29,0.715731,"NULL","NULL","bge",0.1,"NULL",0.5,2
"dnc",300,1,0.25,30,0,30,0.0259999999999998,"1","30","bge",0.1,"NULL",0.5,2
"gobnilp",300,1,0.25,30,0,30,0.59578,"NULL","NULL","bge",0.1,"NULL",0.5,2
"dnc",300,1,0.25,30,0,31,0.0250000000000004,"1","30","bge",0.1,"NULL",0.5,2
"gobnilp",300,1,0.25,30,0,31,0.703572,"NULL","NULL","bge",0.1,"NULL",0.5,2
"dnc",300,1,0.25,30,0,32,0.0280000000000005,"1","30","bge",0.1,"NULL",0.5,2
"gobnilp",300,1,0.25,30,0,32,0.695084,"NULL","NULL","bge",0.1,"NULL",0.5,2
"dnc",300,1,0.25,30,0,33,0.0250000000000004,"1","30","bge",0.1,"NULL",0.5,2
"gobnilp",300,1,0.25,30,0,33,0.690589,"NULL","NULL","bge",0.1,"NULL",0.5,2
"dnc",300,1,0.25,30,0,34,0.0250000000000004,"1","30","bge",0.1,"NULL",0.5,2
"gobnilp",300,1,0.25,30,0,34,0.627826,"NULL","NULL","bge",0.1,"NULL",0.5,2
"dnc",300,1,0.25,30,0,35,0.027000000000001,"1","30","bge",0.1,"NULL",0.5,2
"gobnilp",300,1,0.25,30,0,35,0.693871,"NULL","NULL","bge",0.1,"NULL",0.5,2
"dnc",300,1,0.25,30,0,36,0.0260000000000016,"1","30","bge",0.1,"NULL",0.5,2
"gobnilp",300,1,0.25,30,0,36,0.675397,"NULL","NULL","bge",0.1,"NULL",0.5,2
"dnc",300,1,0.25,30,0,37,0.0240000000000009,"1","30","bge",0.1,"NULL",0.5,2
"gobnilp",300,1,0.25,30,0,37,0.597685,"NULL","NULL","bge",0.1,"NULL",0.5,2
"dnc",300,1,0.25,30,0,38,0.0280000000000005,"1","30","bge",0.1,"NULL",0.5,2
"gobnilp",300,1,0.25,30,0,38,0.870279,"NULL","NULL","bge",0.1,"NULL",0.5,2
"dnc",300,1,0.25,30,0,39,0.0229999999999997,"1","30","bge",0.1,"NULL",0.5,2
"gobnilp",300,1,0.25,30,0,39,0.518895,"NULL","NULL","bge",0.1,"NULL",0.5,2
"dnc",300,1,0.25,30,0,40,0.032,"1","30","bge",0.1,"NULL",0.5,2
"gobnilp",300,1,0.25,30,0,40,0.847429,"NULL","NULL","bge",0.1,"NULL",0.5,2
"dnc",300,1,0.25,30,0,41,0.0249999999999986,"1","30","bge",0.1,"NULL",0.5,2
"gobnilp",300,1,0.25,30,0,41,0.81881,"NULL","NULL","bge",0.1,"NULL",0.5,2
"dnc",300,1,0.25,30,0,42,0.0280000000000005,"1","30","bge",0.1,"NULL",0.5,2
"gobnilp",300,1,0.25,30,0,42,1.097277,"NULL","NULL","bge",0.1,"NULL",0.5,2
"dnc",300,1,0.25,30,0,43,0.0220000000000002,"1","30","bge",0.1,"NULL",0.5,2
"gobnilp",300,1,0.25,30,0,43,0.537371,"NULL","NULL","bge",0.1,"NULL",0.5,2
"dnc",300,1,0.25,30,0,44,0.027000000000001,"1","30","bge",0.1,"NULL",0.5,2
"gobnilp",300,1,0.25,30,0,44,0.588766,"NULL","NULL","bge",0.1,"NULL",0.5,2
"dnc",300,1,0.25,30,0,45,0.0240000000000009,"1","30","bge",0.1,"NULL",0.5,2
"gobnilp",300,1,0.25,30,0,45,0.660341,"NULL","NULL","bge",0.1,"NULL",0.5,2
"dnc",300,1,0.25,30,0,46,0.0250000000000004,"1","30","bge",0.1,"NULL",0.5,2
"gobnilp",300,1,0.25,30,0,46,0.594958,"NULL","NULL","bge",0.1,"NULL",0.5,2
"dnc",300,1,0.25,30,0,47,0.0259999999999998,"1","30","bge",0.1,"NULL",0.5,2
"gobnilp",300,1,0.25,30,0,47,0.678058,"NULL","NULL","bge",0.1,"NULL",0.5,2
"dnc",300,1,0.25,30,0,48,0.0260000000000016,"1","30","bge",0.1,"NULL",0.5,2
"gobnilp",300,1,0.25,30,0,48,0.702683,"NULL","NULL","bge",0.1,"NULL",0.5,2
"dnc",300,1,0.25,30,0,49,0.0250000000000004,"1","30","bge",0.1,"NULL",0.5,2
"gobnilp",300,1,0.25,30,0,49,0.89384,"NULL","NULL","bge",0.1,"NULL",0.5,2
"dnc",300,1,0.25,30,0,50,0.0210000000000008,"1","30","bge",0.1,"NULL",0.5,2
"gobnilp",300,1,0.25,30,0,50,0.537561,"NULL","NULL","bge",0.1,"NULL",0.5,2
"dnc",300,1,0.25,30,0,51,0.0240000000000009,"1","30","bge",0.1,"NULL",0.5,2
"gobnilp",300,1,0.25,30,0,51,0.601223,"NULL","NULL","bge",0.1,"NULL",0.5,2
"dnc",300,1,0.25,30,0,52,0.027000000000001,"1","30","bge",0.1,"NULL",0.5,2
"gobnilp",300,1,0.25,30,0,52,0.768523,"NULL","NULL","bge",0.1,"NULL",0.5,2
"dnc",300,1,0.25,30,0,53,0.0229999999999997,"1","30","bge",0.1,"NULL",0.5,2
"gobnilp",300,1,0.25,30,0,53,0.492227,"NULL","NULL","bge",0.1,"NULL",0.5,2
"dnc",300,1,0.25,30,0,54,0.0250000000000004,"1","30","bge",0.1,"NULL",0.5,2
"gobnilp",300,1,0.25,30,0,54,0.605414,"NULL","NULL","bge",0.1,"NULL",0.5,2
"dnc",300,1,0.25,30,0,55,0.0269999999999992,"1","30","bge",0.1,"NULL",0.5,2
"gobnilp",300,1,0.25,30,0,55,0.770922,"NULL","NULL","bge",0.1,"NULL",0.5,2
"dnc",300,1,0.25,30,0,56,0.0249999999999986,"1","30","bge",0.1,"NULL",0.5,2
"gobnilp",300,1,0.25,30,0,56,0.622956,"NULL","NULL","bge",0.1,"NULL",0.5,2
"dnc",300,1,0.25,30,0,57,0.0240000000000009,"1","30","bge",0.1,"NULL",0.5,2
"gobnilp",300,1,0.25,30,0,57,0.652466,"NULL","NULL","bge",0.1,"NULL",0.5,2
"dnc",300,1,0.25,30,0,58,0.0259999999999998,"1","30","bge",0.1,"NULL",0.5,2
"gobnilp",300,1,0.25,30,0,58,0.741062,"NULL","NULL","bge",0.1,"NULL",0.5,2
"dnc",300,1,0.25,30,0,59,0.0449999999999999,"1","30","bge",0.1,"NULL",0.5,2
"gobnilp",300,1,0.25,30,0,59,0.741156,"NULL","NULL","bge",0.1,"NULL",0.5,2
"dnc",300,1,0.25,30,0,60,0.0219999999999985,"1","30","bge",0.1,"NULL",0.5,2
"gobnilp",300,1,0.25,30,0,60,0.74522,"NULL","NULL","bge",0.1,"NULL",0.5,2
"dnc",300,1,0.25,30,0,61,0.0390000000000015,"1","30","bge",0.1,"NULL",0.5,2
"gobnilp",300,1,0.25,30,0,61,0.630351,"NULL","NULL","bge",0.1,"NULL",0.5,2
"dnc",300,1,0.25,30,0,62,0.0220000000000002,"1","30","bge",0.1,"NULL",0.5,2
"gobnilp",300,1,0.25,30,0,62,0.578708,"NULL","NULL","bge",0.1,"NULL",0.5,2
"dnc",300,1,0.25,30,0,63,0.0259999999999998,"1","30","bge",0.1,"NULL",0.5,2
"gobnilp",300,1,0.25,30,0,63,1.158891,"NULL","NULL","bge",0.1,"NULL",0.5,2
"dnc",300,1,0.25,30,0,64,0.0249999999999986,"1","30","bge",0.1,"NULL",0.5,2
"gobnilp",300,1,0.25,30,0,64,0.669753,"NULL","NULL","bge",0.1,"NULL",0.5,2
"dnc",300,1,0.25,30,0,65,0.0250000000000004,"1","30","bge",0.1,"NULL",0.5,2
"gobnilp",300,1,0.25,30,0,65,0.667556,"NULL","NULL","bge",0.1,"NULL",0.5,2
"dnc",300,1,0.25,30,0,66,0.027000000000001,"1","30","bge",0.1,"NULL",0.5,2
"gobnilp",300,1,0.25,30,0,66,0.730389,"NULL","NULL","bge",0.1,"NULL",0.5,2
"dnc",300,1,0.25,30,0,67,0.0240000000000009,"1","30","bge",0.1,"NULL",0.5,2
"gobnilp",300,1,0.25,30,0,67,0.536775,"NULL","NULL","bge",0.1,"NULL",0.5,2
"dnc",300,1,0.25,30,0,68,0.0249999999999986,"1","30","bge",0.1,"NULL",0.5,2
"gobnilp",300,1,0.25,30,0,68,0.65581,"NULL","NULL","bge",0.1,"NULL",0.5,2
"dnc",300,1,0.25,30,0,69,0.0249999999999986,"1","30","bge",0.1,"NULL",0.5,2
"gobnilp",300,1,0.25,30,0,69,0.623889,"NULL","NULL","bge",0.1,"NULL",0.5,2
"dnc",300,1,0.25,30,0,70,0.0260000000000016,"1","30","bge",0.1,"NULL",0.5,2
"gobnilp",300,1,0.25,30,0,70,0.677858,"NULL","NULL","bge",0.1,"NULL",0.5,2
"dnc",300,1,0.25,30,0,71,0.0240000000000009,"1","30","bge",0.1,"NULL",0.5,2
"gobnilp",300,1,0.25,30,0,71,0.850594,"NULL","NULL","bge",0.1,"NULL",0.5,2
"dnc",300,1,0.25,30,0,72,0.0229999999999997,"1","30","bge",0.1,"NULL",0.5,2
"gobnilp",300,1,0.25,30,0,72,0.60353,"NULL","NULL","bge",0.1,"NULL",0.5,2
"dnc",300,1,0.25,30,0,73,0.0250000000000004,"1","30","bge",0.1,"NULL",0.5,2
"gobnilp",300,1,0.25,30,0,73,0.761202,"NULL","NULL","bge",0.1,"NULL",0.5,2
"dnc",300,1,0.25,30,0,74,0.0299999999999994,"1","30","bge",0.1,"NULL",0.5,2
"gobnilp",300,1,0.25,30,0,74,0.752707,"NULL","NULL","bge",0.1,"NULL",0.5,2
"dnc",300,1,0.25,30,0,75,0.0250000000000004,"1","30","bge",0.1,"NULL",0.5,2
"gobnilp",300,1,0.25,30,0,75,0.658411,"NULL","NULL","bge",0.1,"NULL",0.5,2
"dnc",300,1,0.25,30,0,76,0.0259999999999998,"1","30","bge",0.1,"NULL",0.5,2
"gobnilp",300,1,0.25,30,0,76,0.550345,"NULL","NULL","bge",0.1,"NULL",0.5,2
"dnc",300,1,0.25,30,0,77,0.0259999999999998,"1","30","bge",0.1,"NULL",0.5,2
"gobnilp",300,1,0.25,30,0,77,0.68821,"NULL","NULL","bge",0.1,"NULL",0.5,2
"dnc",300,1,0.25,30,0,78,0.0269999999999992,"1","30","bge",0.1,"NULL",0.5,2
"gobnilp",300,1,0.25,30,0,78,0.760353,"NULL","NULL","bge",0.1,"NULL",0.5,2
"dnc",300,1,0.25,30,0,79,0.0220000000000002,"1","30","bge",0.1,"NULL",0.5,2
"gobnilp",300,1,0.25,30,0,79,0.465052,"NULL","NULL","bge",0.1,"NULL",0.5,2
"dnc",300,1,0.25,30,0,80,0.0280000000000005,"1","30","bge",0.1,"NULL",0.5,2
"gobnilp",300,1,0.25,30,0,80,0.919517,"NULL","NULL","bge",0.1,"NULL",0.5,2
"dnc",300,1,0.25,30,0,81,0.0229999999999997,"1","30","bge",0.1,"NULL",0.5,2
"gobnilp",300,1,0.25,30,0,81,0.76309,"NULL","NULL","bge",0.1,"NULL",0.5,2
"dnc",300,1,0.25,30,0,82,0.0229999999999997,"1","30","bge",0.1,"NULL",0.5,2
"gobnilp",300,1,0.25,30,0,82,0.575737,"NULL","NULL","bge",0.1,"NULL",0.5,2
"dnc",300,1,0.25,30,0,83,0.0229999999999997,"1","30","bge",0.1,"NULL",0.5,2
"gobnilp",300,1,0.25,30,0,83,0.600933,"NULL","NULL","bge",0.1,"NULL",0.5,2
"dnc",300,1,0.25,30,0,84,0.0299999999999994,"1","30","bge",0.1,"NULL",0.5,2
"gobnilp",300,1,0.25,30,0,84,0.574067,"NULL","NULL","bge",0.1,"NULL",0.5,2
"dnc",300,1,0.25,30,0,85,0.0449999999999999,"1","30","bge",0.1,"NULL",0.5,2
"gobnilp",300,1,0.25,30,0,85,0.489424,"NULL","NULL","bge",0.1,"NULL",0.5,2
"dnc",300,1,0.25,30,0,86,0.0200000000000014,"1","30","bge",0.1,"NULL",0.5,2
"gobnilp",300,1,0.25,30,0,86,0.723836,"NULL","NULL","bge",0.1,"NULL",0.5,2
"dnc",300,1,0.25,30,0,87,0.0259999999999998,"1","30","bge",0.1,"NULL",0.5,2
"gobnilp",300,1,0.25,30,0,87,0.686075,"NULL","NULL","bge",0.1,"NULL",0.5,2
"dnc",300,1,0.25,30,0,88,0.0280000000000005,"1","30","bge",0.1,"NULL",0.5,2
"gobnilp",300,1,0.25,30,0,88,0.806305,"NULL","NULL","bge",0.1,"NULL",0.5,2
"dnc",300,1,0.25,30,0,89,0.0250000000000004,"1","30","bge",0.1,"NULL",0.5,2
"gobnilp",300,1,0.25,30,0,89,0.756825,"NULL","NULL","bge",0.1,"NULL",0.5,2
"dnc",300,1,0.25,30,0,90,0.0299999999999994,"1","30","bge",0.1,"NULL",0.5,2
"gobnilp",300,1,0.25,30,0,90,0.99747,"NULL","NULL","bge",0.1,"NULL",0.5,2
"dnc",300,1,0.25,30,0,91,0.0259999999999998,"1","30","bge",0.1,"NULL",0.5,2
"gobnilp",300,1,0.25,30,0,91,0.553716,"NULL","NULL","bge",0.1,"NULL",0.5,2
"dnc",300,1,0.25,30,0,92,0.0259999999999998,"1","30","bge",0.1,"NULL",0.5,2
"gobnilp",300,1,0.25,30,0,92,0.638786,"NULL","NULL","bge",0.1,"NULL",0.5,2
"dnc",300,1,0.25,30,0,93,0.0240000000000009,"1","30","bge",0.1,"NULL",0.5,2
"gobnilp",300,1,0.25,30,0,93,0.651542,"NULL","NULL","bge",0.1,"NULL",0.5,2
"dnc",300,1,0.25,30,0,94,0.0300000000000011,"1","30","bge",0.1,"NULL",0.5,2
"gobnilp",300,1,0.25,30,0,94,0.912938,"NULL","NULL","bge",0.1,"NULL",0.5,2
"dnc",300,1,0.25,30,0,95,0.0259999999999998,"1","30","bge",0.1,"NULL",0.5,2
"gobnilp",300,1,0.25,30,0,95,0.819181,"NULL","NULL","bge",0.1,"NULL",0.5,2
"dnc",300,1,0.25,30,0,96,0.0259999999999998,"1","30","bge",0.1,"NULL",0.5,2
"gobnilp",300,1,0.25,30,0,96,0.763835,"NULL","NULL","bge",0.1,"NULL",0.5,2
"dnc",300,1,0.25,30,0,97,0.0250000000000004,"1","30","bge",0.1,"NULL",0.5,2
"gobnilp",300,1,0.25,30,0,97,0.692791,"NULL","NULL","bge",0.1,"NULL",0.5,2
"dnc",300,1,0.25,30,0,98,0.0250000000000004,"1","30","bge",0.1,"NULL",0.5,2
"gobnilp",300,1,0.25,30,0,98,0.691589,"NULL","NULL","bge",0.1,"NULL",0.5,2
"dnc",300,1,0.25,30,0,99,0.0190000000000001,"1","30","bge",0.1,"NULL",0.5,2
"gobnilp",300,1,0.25,30,0,99,0.46764,"NULL","NULL","bge",0.1,"NULL",0.5,2
"dnc",300,1,0.25,30,0,100,0.027000000000001,"1","30","bge",0.1,"NULL",0.5,2
"gobnilp",300,1,0.25,30,0,100,0.743642,"NULL","NULL","bge",0.1,"NULL",0.5,2
"dnc",300,1,0.25,30,0.5,1,0.0190000000000001,"8","48","bge",0.1,"NULL",0.5,2
"gobnilp",300,1,0.25,30,0.5,1,0.608978,"NULL","NULL","bge",0.1,"NULL",0.5,2
"dnc",300,1,0.25,30,0.5,2,0.0229999999999997,"3","32","bge",0.1,"NULL",0.5,2
"gobnilp",300,1,0.25,30,0.5,2,0.726579,"NULL","NULL","bge",0.1,"NULL",0.5,2
"dnc",300,1,0.25,30,0.5,3,0.0180000000000007,"10","58","bge",0.1,"NULL",0.5,2
"gobnilp",300,1,0.25,30,0.5,3,0.828882,"NULL","NULL","bge",0.1,"NULL",0.5,2
"dnc",300,1,0.25,30,0.5,4,0.0209999999999972,"3","32","bge",0.1,"NULL",0.5,2
"gobnilp",300,1,0.25,30,0.5,4,1.227624,"NULL","NULL","bge",0.1,"NULL",0.5,2
"dnc",300,1,0.25,30,0.5,5,0.0199999999999996,"4","42","bge",0.1,"NULL",0.5,2
"gobnilp",300,1,0.25,30,0.5,5,0.79221,"NULL","NULL","bge",0.1,"NULL",0.5,2
"dnc",300,1,0.25,30,0.5,6,0.0200000000000031,"15","80","bge",0.1,"NULL",0.5,2
"gobnilp",300,1,0.25,30,0.5,6,1.213373,"NULL","NULL","bge",0.1,"NULL",0.5,2
"dnc",300,1,0.25,30,0.5,7,0.0210000000000008,"6","45","bge",0.1,"NULL",0.5,2
"gobnilp",300,1,0.25,30,0.5,7,0.800148,"NULL","NULL","bge",0.1,"NULL",0.5,2
"dnc",300,1,0.25,30,0.5,8,0.0169999999999995,"3","34","bge",0.1,"NULL",0.5,2
"gobnilp",300,1,0.25,30,0.5,8,1.04252,"NULL","NULL","bge",0.1,"NULL",0.5,2
"dnc",300,1,0.25,30,0.5,9,0.020999999999999,"3","36","bge",0.1,"NULL",0.5,2
"gobnilp",300,1,0.25,30,0.5,9,0.982764,"NULL","NULL","bge",0.1,"NULL",0.5,2
"dnc",300,1,0.25,30,0.5,10,0.0189999999999984,"4","43","bge",0.1,"NULL",0.5,2
"gobnilp",300,1,0.25,30,0.5,10,1.047922,"NULL","NULL","bge",0.1,"NULL",0.5,2
"dnc",300,1,0.25,30,0.5,11,0.0190000000000019,"3","40","bge",0.1,"NULL",0.5,2
"gobnilp",300,1,0.25,30,0.5,11,0.993483,"NULL","NULL","bge",0.1,"NULL",0.5,2
"dnc",300,1,0.25,30,0.5,12,0.0210000000000008,"3","32","bge",0.1,"NULL",0.5,2
"gobnilp",300,1,0.25,30,0.5,12,0.589854,"NULL","NULL","bge",0.1,"NULL",0.5,2
"dnc",300,1,0.25,30,0.5,13,0.0240000000000009,"15","111","bge",0.1,"NULL",0.5,2
"gobnilp",300,1,0.25,30,0.5,13,1.288866,"NULL","NULL","bge",0.1,"NULL",0.5,2
"dnc",300,1,0.25,30,0.5,14,0.0229999999999997,"1","30","bge",0.1,"NULL",0.5,2
"gobnilp",300,1,0.25,30,0.5,14,0.877749,"NULL","NULL","bge",0.1,"NULL",0.5,2
"dnc",300,1,0.25,30,0.5,15,0.0190000000000001,"2","32","bge",0.1,"NULL",0.5,2
"gobnilp",300,1,0.25,30,0.5,15,0.718478,"NULL","NULL","bge",0.1,"NULL",0.5,2
"dnc",300,1,0.25,30,0.5,16,0.0189999999999984,"4","40","bge",0.1,"NULL",0.5,2
"gobnilp",300,1,0.25,30,0.5,16,0.766665,"NULL","NULL","bge",0.1,"NULL",0.5,2
"dnc",300,1,0.25,30,0.5,17,0.020999999999999,"4","36","bge",0.1,"NULL",0.5,2
"gobnilp",300,1,0.25,30,0.5,17,0.753023,"NULL","NULL","bge",0.1,"NULL",0.5,2
"dnc",300,1,0.25,30,0.5,18,0.0180000000000007,"2","32","bge",0.1,"NULL",0.5,2
"gobnilp",300,1,0.25,30,0.5,18,0.715059,"NULL","NULL","bge",0.1,"NULL",0.5,2
"dnc",300,1,0.25,30,0.5,19,0.0169999999999995,"4","35","bge",0.1,"NULL",0.5,2
"gobnilp",300,1,0.25,30,0.5,19,1.072043,"NULL","NULL","bge",0.1,"NULL",0.5,2
"dnc",300,1,0.25,30,0.5,20,0.0189999999999984,"3","33","bge",0.1,"NULL",0.5,2
"gobnilp",300,1,0.25,30,0.5,20,0.727252,"NULL","NULL","bge",0.1,"NULL",0.5,2
"dnc",300,1,0.25,30,0.5,21,0.0220000000000002,"2","31","bge",0.1,"NULL",0.5,2
"gobnilp",300,1,0.25,30,0.5,21,0.789005,"NULL","NULL","bge",0.1,"NULL",0.5,2
"dnc",300,1,0.25,30,0.5,22,0.0309999999999988,"11","62","bge",0.1,"NULL",0.5,2
"gobnilp",300,1,0.25,30,0.5,22,0.848283,"NULL","NULL","bge",0.1,"NULL",0.5,2
"dnc",300,1,0.25,30,0.5,23,0.0189999999999984,"3","33","bge",0.1,"NULL",0.5,2
"gobnilp",300,1,0.25,30,0.5,23,0.870159,"NULL","NULL","bge",0.1,"NULL",0.5,2
"dnc",300,1,0.25,30,0.5,24,0.0159999999999982,"3","41","bge",0.1,"NULL",0.5,2
"gobnilp",300,1,0.25,30,0.5,24,0.674538,"NULL","NULL","bge",0.1,"NULL",0.5,2
"dnc",300,1,0.25,30,0.5,25,0.0179999999999989,"5","38","bge",0.1,"NULL",0.5,2
"gobnilp",300,1,0.25,30,0.5,25,1.069795,"NULL","NULL","bge",0.1,"NULL",0.5,2
"dnc",300,1,0.25,30,0.5,26,0.0219999999999985,"27","120","bge",0.1,"NULL",0.5,2
"gobnilp",300,1,0.25,30,0.5,26,1.455457,"NULL","NULL","bge",0.1,"NULL",0.5,2
"dnc",300,1,0.25,30,0.5,27,0.0199999999999996,"7","53","bge",0.1,"NULL",0.5,2
"gobnilp",300,1,0.25,30,0.5,27,1.147835,"NULL","NULL","bge",0.1,"NULL",0.5,2
"dnc",300,1,0.25,30,0.5,28,0.022000000000002,"10","57","bge",0.1,"NULL",0.5,2
"gobnilp",300,1,0.25,30,0.5,28,0.709665,"NULL","NULL","bge",0.1,"NULL",0.5,2
"dnc",300,1,0.25,30,0.5,29,0.0179999999999989,"6","43","bge",0.1,"NULL",0.5,2
"gobnilp",300,1,0.25,30,0.5,29,0.831477,"NULL","NULL","bge",0.1,"NULL",0.5,2
"dnc",300,1,0.25,30,0.5,30,0.0190000000000019,"6","45","bge",0.1,"NULL",0.5,2
"gobnilp",300,1,0.25,30,0.5,30,1.031432,"NULL","NULL","bge",0.1,"NULL",0.5,2
"dnc",300,1,0.25,30,0.5,31,0.0179999999999989,"3","34","bge",0.1,"NULL",0.5,2
"gobnilp",300,1,0.25,30,0.5,31,1.173451,"NULL","NULL","bge",0.1,"NULL",0.5,2
"dnc",300,1,0.25,30,0.5,32,0.0180000000000007,"4","36","bge",0.1,"NULL",0.5,2
"gobnilp",300,1,0.25,30,0.5,32,1.071977,"NULL","NULL","bge",0.1,"NULL",0.5,2
"dnc",300,1,0.25,30,0.5,33,0.0189999999999984,"7","49","bge",0.1,"NULL",0.5,2
"gobnilp",300,1,0.25,30,0.5,33,0.802569,"NULL","NULL","bge",0.1,"NULL",0.5,2
"dnc",300,1,0.25,30,0.5,34,0.0219999999999985,"8","51","bge",0.1,"NULL",0.5,2
"gobnilp",300,1,0.25,30,0.5,34,0.946908,"NULL","NULL","bge",0.1,"NULL",0.5,2
"dnc",300,1,0.25,30,0.5,35,0.0220000000000002,"3","37","bge",0.1,"NULL",0.5,2
"gobnilp",300,1,0.25,30,0.5,35,1.586494,"NULL","NULL","bge",0.1,"NULL",0.5,2
"dnc",300,1,0.25,30,0.5,36,0.0199999999999996,"3","33","bge",0.1,"NULL",0.5,2
"gobnilp",300,1,0.25,30,0.5,36,0.648485,"NULL","NULL","bge",0.1,"NULL",0.5,2
"dnc",300,1,0.25,30,0.5,37,0.0199999999999996,"3","34","bge",0.1,"NULL",0.5,2
"gobnilp",300,1,0.25,30,0.5,37,0.585431,"NULL","NULL","bge",0.1,"NULL",0.5,2
"dnc",300,1,0.25,30,0.5,38,0.0169999999999995,"1","30","bge",0.1,"NULL",0.5,2
"gobnilp",300,1,0.25,30,0.5,38,1.048001,"NULL","NULL","bge",0.1,"NULL",0.5,2
"dnc",300,1,0.25,30,0.5,39,0.0210000000000008,"4","35","bge",0.1,"NULL",0.5,2
"gobnilp",300,1,0.25,30,0.5,39,0.598858,"NULL","NULL","bge",0.1,"NULL",0.5,2
"dnc",300,1,0.25,30,0.5,40,0.0210000000000008,"3","33","bge",0.1,"NULL",0.5,2
"gobnilp",300,1,0.25,30,0.5,40,0.785524,"NULL","NULL","bge",0.1,"NULL",0.5,2
"dnc",300,1,0.25,30,0.5,41,0.0180000000000007,"10","57","bge",0.1,"NULL",0.5,2
"gobnilp",300,1,0.25,30,0.5,41,0.756637,"NULL","NULL","bge",0.1,"NULL",0.5,2
"dnc",300,1,0.25,30,0.5,42,0.0240000000000009,"1","30","bge",0.1,"NULL",0.5,2
"gobnilp",300,1,0.25,30,0.5,42,0.909015,"NULL","NULL","bge",0.1,"NULL",0.5,2
"dnc",300,1,0.25,30,0.5,43,0.0190000000000001,"4","36","bge",0.1,"NULL",0.5,2
"gobnilp",300,1,0.25,30,0.5,43,0.581235,"NULL","NULL","bge",0.1,"NULL",0.5,2
"dnc",300,1,0.25,30,0.5,44,0.0160000000000018,"1","30","bge",0.1,"NULL",0.5,2
"gobnilp",300,1,0.25,30,0.5,44,0.724745,"NULL","NULL","bge",0.1,"NULL",0.5,2
"dnc",300,1,0.25,30,0.5,45,0.0220000000000002,"9","54","bge",0.1,"NULL",0.5,2
"gobnilp",300,1,0.25,30,0.5,45,0.786874,"NULL","NULL","bge",0.1,"NULL",0.5,2
"dnc",300,1,0.25,30,0.5,46,0.0120000000000005,"6","47","bge",0.1,"NULL",0.5,2
"gobnilp",300,1,0.25,30,0.5,46,1.06734,"NULL","NULL","bge",0.1,"NULL",0.5,2
"dnc",300,1,0.25,30,0.5,47,0.0229999999999997,"3","35","bge",0.1,"NULL",0.5,2
"gobnilp",300,1,0.25,30,0.5,47,0.86273,"NULL","NULL","bge",0.1,"NULL",0.5,2
"dnc",300,1,0.25,30,0.5,48,0.0219999999999985,"1","30","bge",0.1,"NULL",0.5,2
"gobnilp",300,1,0.25,30,0.5,48,0.716427,"NULL","NULL","bge",0.1,"NULL",0.5,2
"dnc",300,1,0.25,30,0.5,49,0.0220000000000002,"2","32","bge",0.1,"NULL",0.5,2
"gobnilp",300,1,0.25,30,0.5,49,1.023308,"NULL","NULL","bge",0.1,"NULL",0.5,2
"dnc",300,1,0.25,30,0.5,50,0.0190000000000019,"2","32","bge",0.1,"NULL",0.5,2
"gobnilp",300,1,0.25,30,0.5,50,0.656076,"NULL","NULL","bge",0.1,"NULL",0.5,2
"dnc",300,1,0.25,30,0.5,51,0.0210000000000008,"3","34","bge",0.1,"NULL",0.5,2
"gobnilp",300,1,0.25,30,0.5,51,0.616214,"NULL","NULL","bge",0.1,"NULL",0.5,2
"dnc",300,1,0.25,30,0.5,52,0.0199999999999996,"5","37","bge",0.1,"NULL",0.5,2
"gobnilp",300,1,0.25,30,0.5,52,1.245354,"NULL","NULL","bge",0.1,"NULL",0.5,2
"dnc",300,1,0.25,30,0.5,53,0.0169999999999995,"2","32","bge",0.1,"NULL",0.5,2
"gobnilp",300,1,0.25,30,0.5,53,0.946948,"NULL","NULL","bge",0.1,"NULL",0.5,2
"dnc",300,1,0.25,30,0.5,54,0.0180000000000007,"3","33","bge",0.1,"NULL",0.5,2
"gobnilp",300,1,0.25,30,0.5,54,0.84977,"NULL","NULL","bge",0.1,"NULL",0.5,2
"dnc",300,1,0.25,30,0.5,55,0.0170000000000012,"4","46","bge",0.1,"NULL",0.5,2
"gobnilp",300,1,0.25,30,0.5,55,1.384851,"NULL","NULL","bge",0.1,"NULL",0.5,2
"dnc",300,1,0.25,30,0.5,56,0.0199999999999996,"1","30","bge",0.1,"NULL",0.5,2
"gobnilp",300,1,0.25,30,0.5,56,1.121222,"NULL","NULL","bge",0.1,"NULL",0.5,2
"dnc",300,1,0.25,30,0.5,57,0.0190000000000001,"10","60","bge",0.1,"NULL",0.5,2
"gobnilp",300,1,0.25,30,0.5,57,0.796257,"NULL","NULL","bge",0.1,"NULL",0.5,2
"dnc",300,1,0.25,30,0.5,58,0.0199999999999996,"3","32","bge",0.1,"NULL",0.5,2
"gobnilp",300,1,0.25,30,0.5,58,0.724939,"NULL","NULL","bge",0.1,"NULL",0.5,2
"dnc",300,1,0.25,30,0.5,59,0.0190000000000001,"3","33","bge",0.1,"NULL",0.5,2
"gobnilp",300,1,0.25,30,0.5,59,0.871867,"NULL","NULL","bge",0.1,"NULL",0.5,2
"dnc",300,1,0.25,30,0.5,60,0.0340000000000025,"115","539","bge",0.1,"NULL",0.5,2
"gobnilp",300,1,0.25,30,0.5,60,0.840226,"NULL","NULL","bge",0.1,"NULL",0.5,2
"dnc",300,1,0.25,30,0.5,61,0.0210000000000008,"23","108","bge",0.1,"NULL",0.5,2
"gobnilp",300,1,0.25,30,0.5,61,0.942436,"NULL","NULL","bge",0.1,"NULL",0.5,2
"dnc",300,1,0.25,30,0.5,62,0.0190000000000001,"3","32","bge",0.1,"NULL",0.5,2
"gobnilp",300,1,0.25,30,0.5,62,0.575924,"NULL","NULL","bge",0.1,"NULL",0.5,2
"dnc",300,1,0.25,30,0.5,63,0.0220000000000002,"3","32","bge",0.1,"NULL",0.5,2
"gobnilp",300,1,0.25,30,0.5,63,0.624375,"NULL","NULL","bge",0.1,"NULL",0.5,2
"dnc",300,1,0.25,30,0.5,64,0.0309999999999988,"9","67","bge",0.1,"NULL",0.5,2
"gobnilp",300,1,0.25,30,0.5,64,0.76275,"NULL","NULL","bge",0.1,"NULL",0.5,2
"dnc",300,1,0.25,30,0.5,65,0.0190000000000001,"3","35","bge",0.1,"NULL",0.5,2
"gobnilp",300,1,0.25,30,0.5,65,0.781966,"NULL","NULL","bge",0.1,"NULL",0.5,2
"dnc",300,1,0.25,30,0.5,66,0.0169999999999995,"2","32","bge",0.1,"NULL",0.5,2
"gobnilp",300,1,0.25,30,0.5,66,1.169286,"NULL","NULL","bge",0.1,"NULL",0.5,2
"dnc",300,1,0.25,30,0.5,67,0.0170000000000012,"3","33","bge",0.1,"NULL",0.5,2
"gobnilp",300,1,0.25,30,0.5,67,0.690374,"NULL","NULL","bge",0.1,"NULL",0.5,2
"dnc",300,1,0.25,30,0.5,68,0.0180000000000007,"6","47","bge",0.1,"NULL",0.5,2
"gobnilp",300,1,0.25,30,0.5,68,0.967086,"NULL","NULL","bge",0.1,"NULL",0.5,2
"dnc",300,1,0.25,30,0.5,69,0.020999999999999,"1","30","bge",0.1,"NULL",0.5,2
"gobnilp",300,1,0.25,30,0.5,69,0.641679,"NULL","NULL","bge",0.1,"NULL",0.5,2
"dnc",300,1,0.25,30,0.5,70,0.0199999999999996,"3","48","bge",0.1,"NULL",0.5,2
"gobnilp",300,1,0.25,30,0.5,70,1.659388,"NULL","NULL","bge",0.1,"NULL",0.5,2
"dnc",300,1,0.25,30,0.5,71,0.0200000000000014,"6","40","bge",0.1,"NULL",0.5,2
"gobnilp",300,1,0.25,30,0.5,71,0.974985,"NULL","NULL","bge",0.1,"NULL",0.5,2
"dnc",300,1,0.25,30,0.5,72,0.0199999999999996,"29","133","bge",0.1,"NULL",0.5,2
"gobnilp",300,1,0.25,30,0.5,72,1.070606,"NULL","NULL","bge",0.1,"NULL",0.5,2
"dnc",300,1,0.25,30,0.5,73,0.0190000000000001,"9","51","bge",0.1,"NULL",0.5,2
"gobnilp",300,1,0.25,30,0.5,73,1.028014,"NULL","NULL","bge",0.1,"NULL",0.5,2
"dnc",300,1,0.25,30,0.5,74,0.0189999999999984,"1","30","bge",0.1,"NULL",0.5,2
"gobnilp",300,1,0.25,30,0.5,74,0.773536,"NULL","NULL","bge",0.1,"NULL",0.5,2
"dnc",300,1,0.25,30,0.5,75,0.0179999999999989,"3","34","bge",0.1,"NULL",0.5,2
"gobnilp",300,1,0.25,30,0.5,75,0.9724,"NULL","NULL","bge",0.1,"NULL",0.5,2
"dnc",300,1,0.25,30,0.5,76,0.0240000000000009,"31","138","bge",0.1,"NULL",0.5,2
"gobnilp",300,1,0.25,30,0.5,76,1.117087,"NULL","NULL","bge",0.1,"NULL",0.5,2
"dnc",300,1,0.25,30,0.5,77,0.0199999999999996,"6","40","bge",0.1,"NULL",0.5,2
"gobnilp",300,1,0.25,30,0.5,77,1.174665,"NULL","NULL","bge",0.1,"NULL",0.5,2
"dnc",300,1,0.25,30,0.5,78,0.0229999999999997,"2","31","bge",0.1,"NULL",0.5,2
"gobnilp",300,1,0.25,30,0.5,78,0.807828,"NULL","NULL","bge",0.1,"NULL",0.5,2
"dnc",300,1,0.25,30,0.5,79,0.0180000000000007,"5","41","bge",0.1,"NULL",0.5,2
"gobnilp",300,1,0.25,30,0.5,79,0.787742,"NULL","NULL","bge",0.1,"NULL",0.5,2
"dnc",300,1,0.25,30,0.5,80,0.0259999999999998,"4","40","bge",0.1,"NULL",0.5,2
"gobnilp",300,1,0.25,30,0.5,80,0.89865,"NULL","NULL","bge",0.1,"NULL",0.5,2
"dnc",300,1,0.25,30,0.5,81,0.0240000000000009,"2","31","bge",0.1,"NULL",0.5,2
"gobnilp",300,1,0.25,30,0.5,81,0.739773,"NULL","NULL","bge",0.1,"NULL",0.5,2
"dnc",300,1,0.25,30,0.5,82,0.0199999999999996,"3","35","bge",0.1,"NULL",0.5,2
"gobnilp",300,1,0.25,30,0.5,82,0.770985,"NULL","NULL","bge",0.1,"NULL",0.5,2
"dnc",300,1,0.25,30,0.5,83,0.0190000000000001,"3","35","bge",0.1,"NULL",0.5,2
"gobnilp",300,1,0.25,30,0.5,83,0.768557,"NULL","NULL","bge",0.1,"NULL",0.5,2
"dnc",300,1,0.25,30,0.5,84,0.016,"2","31","bge",0.1,"NULL",0.5,2
"gobnilp",300,1,0.25,30,0.5,84,0.610144,"NULL","NULL","bge",0.1,"NULL",0.5,2
"dnc",300,1,0.25,30,0.5,85,0.0179999999999989,"2","32","bge",0.1,"NULL",0.5,2
"gobnilp",300,1,0.25,30,0.5,85,0.643525,"NULL","NULL","bge",0.1,"NULL",0.5,2
"dnc",300,1,0.25,30,0.5,86,0.0199999999999996,"3","35","bge",0.1,"NULL",0.5,2
"gobnilp",300,1,0.25,30,0.5,86,0.691991,"NULL","NULL","bge",0.1,"NULL",0.5,2
"dnc",300,1,0.25,30,0.5,87,0.0220000000000002,"3","32","bge",0.1,"NULL",0.5,2
"gobnilp",300,1,0.25,30,0.5,87,0.616098,"NULL","NULL","bge",0.1,"NULL",0.5,2
"dnc",300,1,0.25,30,0.5,88,0.0169999999999995,"3","38","bge",0.1,"NULL",0.5,2
"gobnilp",300,1,0.25,30,0.5,88,0.827237,"NULL","NULL","bge",0.1,"NULL",0.5,2
"dnc",300,1,0.25,30,0.5,89,0.0229999999999997,"1","30","bge",0.1,"NULL",0.5,2
"gobnilp",300,1,0.25,30,0.5,89,0.702984,"NULL","NULL","bge",0.1,"NULL",0.5,2
"dnc",300,1,0.25,30,0.5,90,0.0199999999999996,"3","34","bge",0.1,"NULL",0.5,2
"gobnilp",300,1,0.25,30,0.5,90,1.122797,"NULL","NULL","bge",0.1,"NULL",0.5,2
"dnc",300,1,0.25,30,0.5,91,0.0169999999999995,"5","40","bge",0.1,"NULL",0.5,2
"gobnilp",300,1,0.25,30,0.5,91,0.839165,"NULL","NULL","bge",0.1,"NULL",0.5,2
"dnc",300,1,0.25,30,0.5,92,0.0240000000000009,"8","51","bge",0.1,"NULL",0.5,2
"gobnilp",300,1,0.25,30,0.5,92,0.671973,"NULL","NULL","bge",0.1,"NULL",0.5,2
"dnc",300,1,0.25,30,0.5,93,0.0199999999999996,"5","38","bge",0.1,"NULL",0.5,2
"gobnilp",300,1,0.25,30,0.5,93,0.734117,"NULL","NULL","bge",0.1,"NULL",0.5,2
"dnc",300,1,0.25,30,0.5,94,0.0229999999999997,"1","30","bge",0.1,"NULL",0.5,2
"gobnilp",300,1,0.25,30,0.5,94,0.61657,"NULL","NULL","bge",0.1,"NULL",0.5,2
"dnc",300,1,0.25,30,0.5,95,0.0220000000000002,"1","30","bge",0.1,"NULL",0.5,2
"gobnilp",300,1,0.25,30,0.5,95,0.739526,"NULL","NULL","bge",0.1,"NULL",0.5,2
"dnc",300,1,0.25,30,0.5,96,0.0350000000000001,"2","31","bge",0.1,"NULL",0.5,2
"gobnilp",300,1,0.25,30,0.5,96,0.659281,"NULL","NULL","bge",0.1,"NULL",0.5,2
"dnc",300,1,0.25,30,0.5,97,0.0199999999999996,"2","33","bge",0.1,"NULL",0.5,2
"gobnilp",300,1,0.25,30,0.5,97,0.727022,"NULL","NULL","bge",0.1,"NULL",0.5,2
"dnc",300,1,0.25,30,0.5,98,0.0219999999999985,"2","31","bge",0.1,"NULL",0.5,2
"gobnilp",300,1,0.25,30,0.5,98,0.711079,"NULL","NULL","bge",0.1,"NULL",0.5,2
"dnc",300,1,0.25,30,0.5,99,0.0199999999999996,"3","34","bge",0.1,"NULL",0.5,2
"gobnilp",300,1,0.25,30,0.5,99,0.623917,"NULL","NULL","bge",0.1,"NULL",0.5,2
"dnc",300,1,0.25,30,0.5,100,0.0199999999999996,"1","30","bge",0.1,"NULL",0.5,2
"gobnilp",300,1,0.25,30,0.5,100,0.809487,"NULL","NULL","bge",0.1,"NULL",0.5,2
"dnc",300,1,0.25,30,1,1,0.0199999999999996,"34","143","bge",0.1,"NULL",0.5,2
"gobnilp",300,1,0.25,30,1,1,1.091577,"NULL","NULL","bge",0.1,"NULL",0.5,2
"dnc",300,1,0.25,30,1,2,0.0240000000000009,"73","385","bge",0.1,"NULL",0.5,2
"gobnilp",300,1,0.25,30,1,2,1.530324,"NULL","NULL","bge",0.1,"NULL",0.5,2
"dnc",300,1,0.25,30,1,3,0.0199999999999996,"52","215","bge",0.1,"NULL",0.5,2
"gobnilp",300,1,0.25,30,1,3,0.940632,"NULL","NULL","bge",0.1,"NULL",0.5,2
"dnc",300,1,0.25,30,1,4,0.0150000000000006,"9","73","bge",0.1,"NULL",0.5,2
"gobnilp",300,1,0.25,30,1,4,0.866581,"NULL","NULL","bge",0.1,"NULL",0.5,2
"dnc",300,1,0.25,30,1,5,0.0199999999999996,"28","194","bge",0.1,"NULL",0.5,2
"gobnilp",300,1,0.25,30,1,5,2.003159,"NULL","NULL","bge",0.1,"NULL",0.5,2
"dnc",300,1,0.25,30,1,6,0.0240000000000009,"70","447","bge",0.1,"NULL",0.5,2
"gobnilp",300,1,0.25,30,1,6,1.327349,"NULL","NULL","bge",0.1,"NULL",0.5,2
"dnc",300,1,0.25,30,1,7,0.0300000000000011,"90","456","bge",0.1,"NULL",0.5,2
"gobnilp",300,1,0.25,30,1,7,1.465232,"NULL","NULL","bge",0.1,"NULL",0.5,2
"dnc",300,1,0.25,30,1,8,0.0169999999999995,"53","239","bge",0.1,"NULL",0.5,2
"gobnilp",300,1,0.25,30,1,8,0.758808,"NULL","NULL","bge",0.1,"NULL",0.5,2
"dnc",300,1,0.25,30,1,9,0.0159999999999982,"8","72","bge",0.1,"NULL",0.5,2
"gobnilp",300,1,0.25,30,1,9,1.800585,"NULL","NULL","bge",0.1,"NULL",0.5,2
"dnc",300,1,0.25,30,1,10,0.0169999999999995,"15","94","bge",0.1,"NULL",0.5,2
"gobnilp",300,1,0.25,30,1,10,0.86473,"NULL","NULL","bge",0.1,"NULL",0.5,2
"dnc",300,1,0.25,30,1,11,0.0189999999999984,"4","37","bge",0.1,"NULL",0.5,2
"gobnilp",300,1,0.25,30,1,11,2.241814,"NULL","NULL","bge",0.1,"NULL",0.5,2
"dnc",300,1,0.25,30,1,12,0.0160000000000018,"8","51","bge",0.1,"NULL",0.5,2
"gobnilp",300,1,0.25,30,1,12,0.913829,"NULL","NULL","bge",0.1,"NULL",0.5,2
"dnc",300,1,0.25,30,1,13,0.0210000000000008,"31","148","bge",0.1,"NULL",0.5,2
"gobnilp",300,1,0.25,30,1,13,2.050283,"NULL","NULL","bge",0.1,"NULL",0.5,2
"dnc",300,1,0.25,30,1,14,0.0200000000000031,"4","37","bge",0.1,"NULL",0.5,2
"gobnilp",300,1,0.25,30,1,14,0.6824,"NULL","NULL","bge",0.1,"NULL",0.5,2
"dnc",300,1,0.25,30,1,15,0.0120000000000005,"11","78","bge",0.1,"NULL",0.5,2
"gobnilp",300,1,0.25,30,1,15,1.04692,"NULL","NULL","bge",0.1,"NULL",0.5,2
"dnc",300,1,0.25,30,1,16,0.0189999999999984,"7","60","bge",0.1,"NULL",0.5,2
"gobnilp",300,1,0.25,30,1,16,1.553922,"NULL","NULL","bge",0.1,"NULL",0.5,2
"dnc",300,1,0.25,30,1,17,0.0179999999999971,"27","180","bge",0.1,"NULL",0.5,2
"gobnilp",300,1,0.25,30,1,17,2.810229,"NULL","NULL","bge",0.1,"NULL",0.5,2
"dnc",300,1,0.25,30,1,18,0.0169999999999995,"12","75","bge",0.1,"NULL",0.5,2
"gobnilp",300,1,0.25,30,1,18,1.133313,"NULL","NULL","bge",0.1,"NULL",0.5,2
"dnc",300,1,0.25,30,1,19,0.0190000000000019,"6","57","bge",0.1,"NULL",0.5,2
"gobnilp",300,1,0.25,30,1,19,1.369716,"NULL","NULL","bge",0.1,"NULL",0.5,2
"dnc",300,1,0.25,30,1,20,0.032,"97","695","bge",0.1,"NULL",0.5,2
"gobnilp",300,1,0.25,30,1,20,1.258336,"NULL","NULL","bge",0.1,"NULL",0.5,2
"dnc",300,1,0.25,30,1,21,0.0119999999999969,"3","46","bge",0.1,"NULL",0.5,2
"gobnilp",300,1,0.25,30,1,21,0.83937,"NULL","NULL","bge",0.1,"NULL",0.5,2
"dnc",300,1,0.25,30,1,22,0.0279999999999987,"142","748","bge",0.1,"NULL",0.5,2
"gobnilp",300,1,0.25,30,1,22,1.234255,"NULL","NULL","bge",0.1,"NULL",0.5,2
"dnc",300,1,0.25,30,1,23,0.0139999999999993,"5","40","bge",0.1,"NULL",0.5,2
"gobnilp",300,1,0.25,30,1,23,0.985137,"NULL","NULL","bge",0.1,"NULL",0.5,2
"dnc",300,1,0.25,30,1,24,0.0190000000000019,"49","249","bge",0.1,"NULL",0.5,2
"gobnilp",300,1,0.25,30,1,24,0.987365,"NULL","NULL","bge",0.1,"NULL",0.5,2
"dnc",300,1,0.25,30,1,25,0.0269999999999975,"97","457","bge",0.1,"NULL",0.5,2
"gobnilp",300,1,0.25,30,1,25,0.907353,"NULL","NULL","bge",0.1,"NULL",0.5,2
"dnc",300,1,0.25,30,1,26,0.0380000000000003,"178","863","bge",0.1,"NULL",0.5,2
"gobnilp",300,1,0.25,30,1,26,1.380646,"NULL","NULL","bge",0.1,"NULL",0.5,2
"dnc",300,1,0.25,30,1,27,0.0459999999999994,"154","747","bge",0.1,"NULL",0.5,2
"gobnilp",300,1,0.25,30,1,27,1.557369,"NULL","NULL","bge",0.1,"NULL",0.5,2
"dnc",300,1,0.25,30,1,28,0.815000000000001,"3984","22744","bge",0.1,"NULL",0.5,2
"gobnilp",300,1,0.25,30,1,28,1.743512,"NULL","NULL","bge",0.1,"NULL",0.5,2
"dnc",300,1,0.25,30,1,29,0.0460000000000029,"199","1051","bge",0.1,"NULL",0.5,2
"gobnilp",300,1,0.25,30,1,29,2.387128,"NULL","NULL","bge",0.1,"NULL",0.5,2
"dnc",300,1,0.25,30,1,30,0.0150000000000006,"6","45","bge",0.1,"NULL",0.5,2
"gobnilp",300,1,0.25,30,1,30,0.922076,"NULL","NULL","bge",0.1,"NULL",0.5,2
"dnc",300,1,0.25,30,1,31,0.0259999999999998,"113","477","bge",0.1,"NULL",0.5,2
"gobnilp",300,1,0.25,30,1,31,1.250112,"NULL","NULL","bge",0.1,"NULL",0.5,2
"dnc",300,1,0.25,30,1,32,0.0210000000000008,"34","140","bge",0.1,"NULL",0.5,2
"gobnilp",300,1,0.25,30,1,32,0.883425,"NULL","NULL","bge",0.1,"NULL",0.5,2
"dnc",300,1,0.25,30,1,33,0.942999999999998,"3871","20794","bge",0.1,"NULL",0.5,2
"gobnilp",300,1,0.25,30,1,33,1.435441,"NULL","NULL","bge",0.1,"NULL",0.5,2
"dnc",300,1,0.25,30,1,34,0.116,"599","3399","bge",0.1,"NULL",0.5,2
"gobnilp",300,1,0.25,30,1,34,1.030536,"NULL","NULL","bge",0.1,"NULL",0.5,2
"dnc",300,1,0.25,30,1,35,0.0189999999999984,"69","361","bge",0.1,"NULL",0.5,2
"gobnilp",300,1,0.25,30,1,35,1.632393,"NULL","NULL","bge",0.1,"NULL",0.5,2
"dnc",300,1,0.25,30,1,36,0.0169999999999995,"11","60","bge",0.1,"NULL",0.5,2
"gobnilp",300,1,0.25,30,1,36,1.076098,"NULL","NULL","bge",0.1,"NULL",0.5,2
"dnc",300,1,0.25,30,1,37,0.0190000000000019,"6","46","bge",0.1,"NULL",0.5,2
"gobnilp",300,1,0.25,30,1,37,0.77189,"NULL","NULL","bge",0.1,"NULL",0.5,2
"dnc",300,1,0.25,30,1,38,0.049000000000003,"4","46","bge",0.1,"NULL",0.5,2
"gobnilp",300,1,0.25,30,1,38,0.835723,"NULL","NULL","bge",0.1,"NULL",0.5,2
"dnc",300,1,0.25,30,1,39,0.022000000000002,"75","345","bge",0.1,"NULL",0.5,2
"gobnilp",300,1,0.25,30,1,39,0.672268,"NULL","NULL","bge",0.1,"NULL",0.5,2
"dnc",300,1,0.25,30,1,40,0.0790000000000006,"341","1725","bge",0.1,"NULL",0.5,2
"gobnilp",300,1,0.25,30,1,40,1.210303,"NULL","NULL","bge",0.1,"NULL",0.5,2
"dnc",300,1,0.25,30,1,41,0.0239999999999974,"90","395","bge",0.1,"NULL",0.5,2
"gobnilp",300,1,0.25,30,1,41,1.288139,"NULL","NULL","bge",0.1,"NULL",0.5,2
"dnc",300,1,0.25,30,1,42,0.0289999999999999,"94","402","bge",0.1,"NULL",0.5,2
"gobnilp",300,1,0.25,30,1,42,0.857367,"NULL","NULL","bge",0.1,"NULL",0.5,2
"dnc",300,1,0.25,30,1,43,0.266999999999999,"1067","6909","bge",0.1,"NULL",0.5,2
"gobnilp",300,1,0.25,30,1,43,1.307596,"NULL","NULL","bge",0.1,"NULL",0.5,2
"dnc",300,1,0.25,30,1,44,0.0180000000000007,"10","61","bge",0.1,"NULL",0.5,2
"gobnilp",300,1,0.25,30,1,44,1.328618,"NULL","NULL","bge",0.1,"NULL",0.5,2
"dnc",300,1,0.25,30,1,45,0.0150000000000006,"12","66","bge",0.1,"NULL",0.5,2
"gobnilp",300,1,0.25,30,1,45,1.241297,"NULL","NULL","bge",0.1,"NULL",0.5,2
"dnc",300,1,0.25,30,1,46,0.0400000000000027,"186","1028","bge",0.1,"NULL",0.5,2
"gobnilp",300,1,0.25,30,1,46,1.308892,"NULL","NULL","bge",0.1,"NULL",0.5,2
"dnc",300,1,0.25,30,1,47,0.0589999999999975,"217","1025","bge",0.1,"NULL",0.5,2
"gobnilp",300,1,0.25,30,1,47,1.043051,"NULL","NULL","bge",0.1,"NULL",0.5,2
"dnc",300,1,0.25,30,1,48,0.0139999999999993,"6","52","bge",0.1,"NULL",0.5,2
"gobnilp",300,1,0.25,30,1,48,1.579014,"NULL","NULL","bge",0.1,"NULL",0.5,2
"dnc",300,1,0.25,30,1,49,0.0470000000000006,"183","885","bge",0.1,"NULL",0.5,2
"gobnilp",300,1,0.25,30,1,49,0.994512,"NULL","NULL","bge",0.1,"NULL",0.5,2
"dnc",300,1,0.25,30,1,50,0.0169999999999995,"18","149","bge",0.1,"NULL",0.5,2
"gobnilp",300,1,0.25,30,1,50,1.04317,"NULL","NULL","bge",0.1,"NULL",0.5,2
"dnc",300,1,0.25,30,1,51,0.0240000000000009,"6","60","bge",0.1,"NULL",0.5,2
"gobnilp",300,1,0.25,30,1,51,1.000206,"NULL","NULL","bge",0.1,"NULL",0.5,2
"dnc",300,1,0.25,30,1,52,0.0199999999999996,"11","75","bge",0.1,"NULL",0.5,2
"gobnilp",300,1,0.25,30,1,52,1.635378,"NULL","NULL","bge",0.1,"NULL",0.5,2
"dnc",300,1,0.25,30,1,53,0.0549999999999997,"232","1044","bge",0.1,"NULL",0.5,2
"gobnilp",300,1,0.25,30,1,53,0.804226,"NULL","NULL","bge",0.1,"NULL",0.5,2
"dnc",300,1,0.25,30,1,54,0.022000000000002,"70","333","bge",0.1,"NULL",0.5,2
"gobnilp",300,1,0.25,30,1,54,1.068596,"NULL","NULL","bge",0.1,"NULL",0.5,2
"dnc",300,1,0.25,30,1,55,0.0180000000000007,"14","98","bge",0.1,"NULL",0.5,2
"gobnilp",300,1,0.25,30,1,55,1.670706,"NULL","NULL","bge",0.1,"NULL",0.5,2
"dnc",300,1,0.25,30,1,56,0.022000000000002,"3","34","bge",0.1,"NULL",0.5,2
"gobnilp",300,1,0.25,30,1,56,0.800338,"NULL","NULL","bge",0.1,"NULL",0.5,2
"dnc",300,1,0.25,30,1,57,1.357,"6088","37730","bge",0.1,"NULL",0.5,2
"gobnilp",300,1,0.25,30,1,57,1.760589,"NULL","NULL","bge",0.1,"NULL",0.5,2
"dnc",300,1,0.25,30,1,58,0.0180000000000007,"3","33","bge",0.1,"NULL",0.5,2
"gobnilp",300,1,0.25,30,1,58,0.66127,"NULL","NULL","bge",0.1,"NULL",0.5,2
"dnc",300,1,0.25,30,1,59,0.0150000000000006,"6","62","bge",0.1,"NULL",0.5,2
"gobnilp",300,1,0.25,30,1,59,1.28329,"NULL","NULL","bge",0.1,"NULL",0.5,2
"dnc",300,1,0.25,30,1,60,0.399999999999999,"1673","9648","bge",0.1,"NULL",0.5,2
"gobnilp",300,1,0.25,30,1,60,1.274145,"NULL","NULL","bge",0.1,"NULL",0.5,2
"dnc",300,1,0.25,30,1,61,0.0190000000000019,"41","217","bge",0.1,"NULL",0.5,2
"gobnilp",300,1,0.25,30,1,61,1.003159,"NULL","NULL","bge",0.1,"NULL",0.5,2
"dnc",300,1,0.25,30,1,62,0.0130000000000017,"6","46","bge",0.1,"NULL",0.5,2
"gobnilp",300,1,0.25,30,1,62,0.912467,"NULL","NULL","bge",0.1,"NULL",0.5,2
"dnc",300,1,0.25,30,1,63,0.0330000000000013,"3","44","bge",0.1,"NULL",0.5,2
"gobnilp",300,1,0.25,30,1,63,1.118617,"NULL","NULL","bge",0.1,"NULL",0.5,2
"dnc",300,1,0.25,30,1,64,0.0219999999999985,"50","299","bge",0.1,"NULL",0.5,2
"gobnilp",300,1,0.25,30,1,64,1.400999,"NULL","NULL","bge",0.1,"NULL",0.5,2
"dnc",300,1,0.25,30,1,65,0.0169999999999995,"29","223","bge",0.1,"NULL",0.5,2
"gobnilp",300,1,0.25,30,1,65,1.036363,"NULL","NULL","bge",0.1,"NULL",0.5,2
"dnc",300,1,0.25,30,1,66,0.667999999999999,"2585","15167","bge",0.1,"NULL",0.5,2
"gobnilp",300,1,0.25,30,1,66,1.32429,"NULL","NULL","bge",0.1,"NULL",0.5,2
"dnc",300,1,0.25,30,1,67,0.0189999999999984,"3","38","bge",0.1,"NULL",0.5,2
"gobnilp",300,1,0.25,30,1,67,0.769422,"NULL","NULL","bge",0.1,"NULL",0.5,2
"dnc",300,1,0.25,30,1,68,0.363,"883","7474","bge",0.1,"NULL",0.5,2
"gobnilp",300,1,0.25,30,1,68,1.590794,"NULL","NULL","bge",0.1,"NULL",0.5,2
"dnc",300,1,0.25,30,1,69,0.0159999999999982,"37","175","bge",0.1,"NULL",0.5,2
"gobnilp",300,1,0.25,30,1,69,1.931928,"NULL","NULL","bge",0.1,"NULL",0.5,2
"dnc",300,1,0.25,30,1,70,0.0180000000000007,"12","95","bge",0.1,"NULL",0.5,2
"gobnilp",300,1,0.25,30,1,70,1.37238,"NULL","NULL","bge",0.1,"NULL",0.5,2
"dnc",300,1,0.25,30,1,71,0.279,"1207","6240","bge",0.1,"NULL",0.5,2
"gobnilp",300,1,0.25,30,1,71,1.915574,"NULL","NULL","bge",0.1,"NULL",0.5,2
"dnc",300,1,0.25,30,1,72,0.513999999999999,"1845","14802","bge",0.1,"NULL",0.5,2
"gobnilp",300,1,0.25,30,1,72,1.175506,"NULL","NULL","bge",0.1,"NULL",0.5,2
"dnc",300,1,0.25,30,1,73,0.283000000000001,"1095","5997","bge",0.1,"NULL",0.5,2
"gobnilp",300,1,0.25,30,1,73,1.439665,"NULL","NULL","bge",0.1,"NULL",0.5,2
"dnc",300,1,0.25,30,1,74,0.0209999999999972,"40","212","bge",0.1,"NULL",0.5,2
"gobnilp",300,1,0.25,30,1,74,0.926372,"NULL","NULL","bge",0.1,"NULL",0.5,2
"dnc",300,1,0.25,30,1,75,0.0139999999999993,"17","104","bge",0.1,"NULL",0.5,2
"gobnilp",300,1,0.25,30,1,75,1.678131,"NULL","NULL","bge",0.1,"NULL",0.5,2
"dnc",300,1,0.25,30,1,76,0.0240000000000009,"79","362","bge",0.1,"NULL",0.5,2
"gobnilp",300,1,0.25,30,1,76,1.309489,"NULL","NULL","bge",0.1,"NULL",0.5,2
"dnc",300,1,0.25,30,1,77,0.166,"874","4472","bge",0.1,"NULL",0.5,2
"gobnilp",300,1,0.25,30,1,77,1.931333,"NULL","NULL","bge",0.1,"NULL",0.5,2
"dnc",300,1,0.25,30,1,78,0.0209999999999972,"61","236","bge",0.1,"NULL",0.5,2
"gobnilp",300,1,0.25,30,1,78,1.628732,"NULL","NULL","bge",0.1,"NULL",0.5,2
"dnc",300,1,0.25,30,1,79,0.0189999999999984,"54","249","bge",0.1,"NULL",0.5,2
"gobnilp",300,1,0.25,30,1,79,1.364413,"NULL","NULL","bge",0.1,"NULL",0.5,2
"dnc",300,1,0.25,30,1,80,0.0169999999999995,"4","40","bge",0.1,"NULL",0.5,2
"gobnilp",300,1,0.25,30,1,80,1.575889,"NULL","NULL","bge",0.1,"NULL",0.5,2
"dnc",300,1,0.25,30,1,81,0.032,"16","90","bge",0.1,"NULL",0.5,2
"gobnilp",300,1,0.25,30,1,81,1.161179,"NULL","NULL","bge",0.1,"NULL",0.5,2
"dnc",300,1,0.25,30,1,82,0.0130000000000017,"8","56","bge",0.1,"NULL",0.5,2
"gobnilp",300,1,0.25,30,1,82,1.115488,"NULL","NULL","bge",0.1,"NULL",0.5,2
"dnc",300,1,0.25,30,1,83,0.0160000000000018,"13","85","bge",0.1,"NULL",0.5,2
"gobnilp",300,1,0.25,30,1,83,0.730136,"NULL","NULL","bge",0.1,"NULL",0.5,2
"dnc",300,1,0.25,30,1,84,0.0209999999999972,"2","31","bge",0.1,"NULL",0.5,2
"gobnilp",300,1,0.25,30,1,84,0.715796,"NULL","NULL","bge",0.1,"NULL",0.5,2
"dnc",300,1,0.25,30,1,85,0.0180000000000007,"32","254","bge",0.1,"NULL",0.5,2
"gobnilp",300,1,0.25,30,1,85,1.117227,"NULL","NULL","bge",0.1,"NULL",0.5,2
"dnc",300,1,0.25,30,1,86,0.0279999999999987,"31","187","bge",0.1,"NULL",0.5,2
"gobnilp",300,1,0.25,30,1,86,0.75085,"NULL","NULL","bge",0.1,"NULL",0.5,2
"dnc",300,1,0.25,30,1,87,0.0189999999999984,"12","62","bge",0.1,"NULL",0.5,2
"gobnilp",300,1,0.25,30,1,87,1.564361,"NULL","NULL","bge",0.1,"NULL",0.5,2
"dnc",300,1,0.25,30,1,88,0.0249999999999986,"84","353","bge",0.1,"NULL",0.5,2
"gobnilp",300,1,0.25,30,1,88,1.400329,"NULL","NULL","bge",0.1,"NULL",0.5,2
"dnc",300,1,0.25,30,1,89,0.0160000000000018,"13","82","bge",0.1,"NULL",0.5,2
"gobnilp",300,1,0.25,30,1,89,1.810982,"NULL","NULL","bge",0.1,"NULL",0.5,2
"dnc",300,1,0.25,30,1,90,0.0269999999999975,"73","345","bge",0.1,"NULL",0.5,2
"gobnilp",300,1,0.25,30,1,90,1.347883,"NULL","NULL","bge",0.1,"NULL",0.5,2
"dnc",300,1,0.25,30,1,91,1.129,"4152","24562","bge",0.1,"NULL",0.5,2
"gobnilp",300,1,0.25,30,1,91,1.243382,"NULL","NULL","bge",0.1,"NULL",0.5,2
"dnc",300,1,0.25,30,1,92,0.0430000000000028,"19","106","bge",0.1,"NULL",0.5,2
"gobnilp",300,1,0.25,30,1,92,1.58975,"NULL","NULL","bge",0.1,"NULL",0.5,2
"dnc",300,1,0.25,30,1,93,0.0190000000000019,"55","320","bge",0.1,"NULL",0.5,2
"gobnilp",300,1,0.25,30,1,93,1.853101,"NULL","NULL","bge",0.1,"NULL",0.5,2
"dnc",300,1,0.25,30,1,94,0.0229999999999997,"3","32","bge",0.1,"NULL",0.5,2
"gobnilp",300,1,0.25,30,1,94,0.706198,"NULL","NULL","bge",0.1,"NULL",0.5,2
"dnc",300,1,0.25,30,1,95,0.0249999999999986,"78","326","bge",0.1,"NULL",0.5,2
"gobnilp",300,1,0.25,30,1,95,0.99009,"NULL","NULL","bge",0.1,"NULL",0.5,2
"dnc",300,1,0.25,30,1,96,0.323,"1605","8677","bge",0.1,"NULL",0.5,2
"gobnilp",300,1,0.25,30,1,96,1.69259,"NULL","NULL","bge",0.1,"NULL",0.5,2
"dnc",300,1,0.25,30,1,97,0.116,"318","1838","bge",0.1,"NULL",0.5,2
"gobnilp",300,1,0.25,30,1,97,1.80176,"NULL","NULL","bge",0.1,"NULL",0.5,2
"dnc",300,1,0.25,30,1,98,0.0180000000000007,"5","43","bge",0.1,"NULL",0.5,2
"gobnilp",300,1,0.25,30,1,98,0.89043,"NULL","NULL","bge",0.1,"NULL",0.5,2
"dnc",300,1,0.25,30,1,99,0.0130000000000017,"12","98","bge",0.1,"NULL",0.5,2
"gobnilp",300,1,0.25,30,1,99,1.496542,"NULL","NULL","bge",0.1,"NULL",0.5,2
"dnc",300,1,0.25,30,1,100,0.0159999999999982,"4","43","bge",0.1,"NULL",0.5,2
"gobnilp",300,1,0.25,30,1,100,0.744399,"NULL","NULL","bge",0.1,"NULL",0.5,2
"dnc",300,1,0.25,30,1.5,1,0.0959999999999965,"527","2492","bge",0.1,"NULL",0.5,2
"gobnilp",300,1,0.25,30,1.5,1,2.483481,"NULL","NULL","bge",0.1,"NULL",0.5,2
"dnc",300,1,0.25,30,1.5,2,3.649,"9773","91382","bge",0.1,"NULL",0.5,2
"gobnilp",300,1,0.25,30,1.5,2,3.018208,"NULL","NULL","bge",0.1,"NULL",0.5,2
"dnc",300,1,0.25,30,1.5,3,0.0450000000000017,"196","852","bge",0.1,"NULL",0.5,2
"gobnilp",300,1,0.25,30,1.5,3,2.003325,"NULL","NULL","bge",0.1,"NULL",0.5,2
"dnc",300,1,0.25,30,1.5,4,99.896,"278054","1827013","bge",0.1,"NULL",0.5,2
"gobnilp",300,1,0.25,30,1.5,4,2.571943,"NULL","NULL","bge",0.1,"NULL",0.5,2
"dnc",300,1,0.25,30,1.5,5,0.121000000000002,"616","3086","bge",0.1,"NULL",0.5,2
"gobnilp",300,1,0.25,30,1.5,5,3.127394,"NULL","NULL","bge",0.1,"NULL",0.5,2
"dnc",300,1,0.25,30,1.5,6,0.0400000000000063,"175","991","bge",0.1,"NULL",0.5,2
"gobnilp",300,1,0.25,30,1.5,6,2.446372,"NULL","NULL","bge",0.1,"NULL",0.5,2
"dnc",300,1,0.25,30,1.5,7,0.129000000000001,"586","3289","bge",0.1,"NULL",0.5,2
"gobnilp",300,1,0.25,30,1.5,7,0.91449,"NULL","NULL","bge",0.1,"NULL",0.5,2
"dnc",300,1,0.25,30,1.5,8,1.111,"4389","25522","bge",0.1,"NULL",0.5,2
"gobnilp",300,1,0.25,30,1.5,8,1.293446,"NULL","NULL","bge",0.1,"NULL",0.5,2
"dnc",300,1,0.25,30,1.5,9,0.224,"1021","5555","bge",0.1,"NULL",0.5,2
"gobnilp",300,1,0.25,30,1.5,9,1.333462,"NULL","NULL","bge",0.1,"NULL",0.5,2
"dnc",300,1,0.25,30,1.5,10,0.0240000000000009,"80","459","bge",0.1,"NULL",0.5,2
"gobnilp",300,1,0.25,30,1.5,10,1.96051,"NULL","NULL","bge",0.1,"NULL",0.5,2
"dnc",300,1,0.25,30,1.5,11,0.0329999999999941,"34","211","bge",0.1,"NULL",0.5,2
"gobnilp",300,1,0.25,30,1.5,11,1.25187,"NULL","NULL","bge",0.1,"NULL",0.5,2
"dnc",300,1,0.25,30,1.5,12,0.259,"1185","6089","bge",0.1,"NULL",0.5,2
"gobnilp",300,1,0.25,30,1.5,12,1.466081,"NULL","NULL","bge",0.1,"NULL",0.5,2
"dnc",300,1,0.25,30,1.5,13,17.131,"39544","273990","bge",0.1,"NULL",0.5,2
"gobnilp",300,1,0.25,30,1.5,13,1.719734,"NULL","NULL","bge",0.1,"NULL",0.5,2
"dnc",300,1,0.25,30,1.5,14,0.0279999999999987,"32","153","bge",0.1,"NULL",0.5,2
"gobnilp",300,1,0.25,30,1.5,14,2.072622,"NULL","NULL","bge",0.1,"NULL",0.5,2
"dnc",300,1,0.25,30,1.5,15,4.879,"17746","103465","bge",0.1,"NULL",0.5,2
"gobnilp",300,1,0.25,30,1.5,15,2.020477,"NULL","NULL","bge",0.1,"NULL",0.5,2
"dnc",300,1,0.25,30,1.5,16,0.584000000000003,"2244","13333","bge",0.1,"NULL",0.5,2
"gobnilp",300,1,0.25,30,1.5,16,1.702944,"NULL","NULL","bge",0.1,"NULL",0.5,2
"dnc",300,1,0.25,30,1.5,17,11.938,"39390","241130","bge",0.1,"NULL",0.5,2
"gobnilp",300,1,0.25,30,1.5,17,1.629017,"NULL","NULL","bge",0.1,"NULL",0.5,2
"dnc",300,1,0.25,30,1.5,18,0.119,"531","2680","bge",0.1,"NULL",0.5,2
"gobnilp",300,1,0.25,30,1.5,18,2.004048,"NULL","NULL","bge",0.1,"NULL",0.5,2
"dnc",300,1,0.25,30,1.5,19,0.238,"1077","5370","bge",0.1,"NULL",0.5,2
"gobnilp",300,1,0.25,30,1.5,19,1.554206,"NULL","NULL","bge",0.1,"NULL",0.5,2
"dnc",300,1,0.25,30,1.5,20,2.225,"8367","51234","bge",0.1,"NULL",0.5,2
"gobnilp",300,1,0.25,30,1.5,20,1.546383,"NULL","NULL","bge",0.1,"NULL",0.5,2
"dnc",300,1,0.25,30,1.5,21,0.0459999999999994,"226","1088","bge",0.1,"NULL",0.5,2
"gobnilp",300,1,0.25,30,1.5,21,1.670562,"NULL","NULL","bge",0.1,"NULL",0.5,2
"dnc",300,1,0.25,30,1.5,22,0.109000000000002,"555","2658","bge",0.1,"NULL",0.5,2
"gobnilp",300,1,0.25,30,1.5,22,2.16106,"NULL","NULL","bge",0.1,"NULL",0.5,2
"dnc",300,1,0.25,30,1.5,23,0.0160000000000018,"14","77","bge",0.1,"NULL",0.5,2
"gobnilp",300,1,0.25,30,1.5,23,0.866873,"NULL","NULL","bge",0.1,"NULL",0.5,2
"dnc",300,1,0.25,30,1.5,24,1.787,"7441","42488","bge",0.1,"NULL",0.5,2
"gobnilp",300,1,0.25,30,1.5,24,1.899197,"NULL","NULL","bge",0.1,"NULL",0.5,2
"dnc",300,1,0.25,30,1.5,25,1.531,"5225","40027","bge",0.1,"NULL",0.5,2
"gobnilp",300,1,0.25,30,1.5,25,3.09096,"NULL","NULL","bge",0.1,"NULL",0.5,2
"dnc",300,1,0.25,30,1.5,26,5.154,"22652","132036","bge",0.1,"NULL",0.5,2
"gobnilp",300,1,0.25,30,1.5,26,1.335366,"NULL","NULL","bge",0.1,"NULL",0.5,2
"dnc",300,1,0.25,30,1.5,27,106.094,"268310","1788713","bge",0.1,"NULL",0.5,2
"gobnilp",300,1,0.25,30,1.5,27,1.985316,"NULL","NULL","bge",0.1,"NULL",0.5,2
"dnc",300,1,0.25,30,1.5,28,44.299,"122039","767904","bge",0.1,"NULL",0.5,2
"gobnilp",300,1,0.25,30,1.5,28,1.768916,"NULL","NULL","bge",0.1,"NULL",0.5,2
"dnc",300,1,0.25,30,1.5,29,43.946,"101221","664570","bge",0.1,"NULL",0.5,2
"gobnilp",300,1,0.25,30,1.5,29,2.462791,"NULL","NULL","bge",0.1,"NULL",0.5,2
"dnc",300,1,0.25,30,1.5,30,11.991,"21059","126113","bge",0.1,"NULL",0.5,2
"gobnilp",300,1,0.25,30,1.5,30,1.361546,"NULL","NULL","bge",0.1,"NULL",0.5,2
"dnc",300,1,0.25,30,1.5,31,0.0360000000000014,"141","830","bge",0.1,"NULL",0.5,2
"gobnilp",300,1,0.25,30,1.5,31,1.469357,"NULL","NULL","bge",0.1,"NULL",0.5,2
"dnc",300,1,0.25,30,1.5,32,15.849,"38710","225363","bge",0.1,"NULL",0.5,2
"gobnilp",300,1,0.25,30,1.5,32,4.763568,"NULL","NULL","bge",0.1,"NULL",0.5,2
"dnc",300,1,0.25,30,1.5,33,69.111,"195879","1255766","bge",0.1,"NULL",0.5,2
"gobnilp",300,1,0.25,30,1.5,33,1.648076,"NULL","NULL","bge",0.1,"NULL",0.5,2
"dnc",300,1,0.25,30,1.5,34,12.362,"37360","230056","bge",0.1,"NULL",0.5,2
"gobnilp",300,1,0.25,30,1.5,34,1.974578,"NULL","NULL","bge",0.1,"NULL",0.5,2
"dnc",300,1,0.25,30,1.5,35,16.098,"43769","331252","bge",0.1,"NULL",0.5,2
"gobnilp",300,1,0.25,30,1.5,35,2.303282,"NULL","NULL","bge",0.1,"NULL",0.5,2
"dnc",300,1,0.25,30,1.5,36,0.0169999999999959,"39","269","bge",0.1,"NULL",0.5,2
"gobnilp",300,1,0.25,30,1.5,36,2.725382,"NULL","NULL","bge",0.1,"NULL",0.5,2
"dnc",300,1,0.25,30,1.5,37,0.054000000000002,"121","650","bge",0.1,"NULL",0.5,2
"gobnilp",300,1,0.25,30,1.5,37,1.52026,"NULL","NULL","bge",0.1,"NULL",0.5,2
"dnc",300,1,0.25,30,1.5,38,0.0189999999999984,"21","100","bge",0.1,"NULL",0.5,2
"gobnilp",300,1,0.25,30,1.5,38,1.569944,"NULL","NULL","bge",0.1,"NULL",0.5,2
"dnc",300,1,0.25,30,1.5,39,0.122,"667","3400","bge",0.1,"NULL",0.5,2
"gobnilp",300,1,0.25,30,1.5,39,1.479154,"NULL","NULL","bge",0.1,"NULL",0.5,2
"dnc",300,1,0.25,30,1.5,40,7.192,"25352","153751","bge",0.1,"NULL",0.5,2
"gobnilp",300,1,0.25,30,1.5,40,1.405549,"NULL","NULL","bge",0.1,"NULL",0.5,2
"dnc",300,1,0.25,30,1.5,41,0.957999999999998,"2562","13361","bge",0.1,"NULL",0.5,2
"gobnilp",300,1,0.25,30,1.5,41,2.08883,"NULL","NULL","bge",0.1,"NULL",0.5,2
"dnc",300,1,0.25,30,1.5,42,1.08799999999999,"3817","26884","bge",0.1,"NULL",0.5,2
"gobnilp",300,1,0.25,30,1.5,42,3.076342,"NULL","NULL","bge",0.1,"NULL",0.5,2
"dnc",300,1,0.25,30,1.5,43,0.438000000000002,"2234","12277","bge",0.1,"NULL",0.5,2
"gobnilp",300,1,0.25,30,1.5,43,2.482332,"NULL","NULL","bge",0.1,"NULL",0.5,2
"dnc",300,1,0.25,30,1.5,44,195.47,"501819","3287468","bge",0.1,"NULL",0.5,2
"gobnilp",300,1,0.25,30,1.5,44,1.675421,"NULL","NULL","bge",0.1,"NULL",0.5,2
"dnc",300,1,0.25,30,1.5,45,0.719999999999999,"2575","15197","bge",0.1,"NULL",0.5,2
"gobnilp",300,1,0.25,30,1.5,45,1.531278,"NULL","NULL","bge",0.1,"NULL",0.5,2
"dnc",300,1,0.25,30,1.5,46,16.785,"47874","319503","bge",0.1,"NULL",0.5,2
"gobnilp",300,1,0.25,30,1.5,46,2.098477,"NULL","NULL","bge",0.1,"NULL",0.5,2
"dnc",300,1,0.25,30,1.5,47,0.116999999999997,"591","2940","bge",0.1,"NULL",0.5,2
"gobnilp",300,1,0.25,30,1.5,47,1.499283,"NULL","NULL","bge",0.1,"NULL",0.5,2
"dnc",300,1,0.25,30,1.5,48,0.643999999999998,"2877","15567","bge",0.1,"NULL",0.5,2
"gobnilp",300,1,0.25,30,1.5,48,1.916632,"NULL","NULL","bge",0.1,"NULL",0.5,2
"dnc",300,1,0.25,30,1.5,49,0.017000000000003,"31","143","bge",0.1,"NULL",0.5,2
"gobnilp",300,1,0.25,30,1.5,49,0.829648,"NULL","NULL","bge",0.1,"NULL",0.5,2
"dnc",300,1,0.25,30,1.5,50,1.756,"6380","36399","bge",0.1,"NULL",0.5,2
"gobnilp",300,1,0.25,30,1.5,50,1.769827,"NULL","NULL","bge",0.1,"NULL",0.5,2
"dnc",300,1,0.25,30,1.5,51,0.0229999999999997,"91","449","bge",0.1,"NULL",0.5,2
"gobnilp",300,1,0.25,30,1.5,51,1.102637,"NULL","NULL","bge",0.1,"NULL",0.5,2
"dnc",300,1,0.25,30,1.5,52,1.297,"3139","17791","bge",0.1,"NULL",0.5,2
"gobnilp",300,1,0.25,30,1.5,52,2.422995,"NULL","NULL","bge",0.1,"NULL",0.5,2
"dnc",300,1,0.25,30,1.5,53,1.093,"4699","27497","bge",0.1,"NULL",0.5,2
"gobnilp",300,1,0.25,30,1.5,53,1.039439,"NULL","NULL","bge",0.1,"NULL",0.5,2
"dnc",300,1,0.25,30,1.5,54,0.0579999999999998,"260","1235","bge",0.1,"NULL",0.5,2
"gobnilp",300,1,0.25,30,1.5,54,1.590881,"NULL","NULL","bge",0.1,"NULL",0.5,2
"dnc",300,1,0.25,30,1.5,55,0.0530000000000008,"248","1260","bge",0.1,"NULL",0.5,2
"gobnilp",300,1,0.25,30,1.5,55,1.808926,"NULL","NULL","bge",0.1,"NULL",0.5,2
"dnc",300,1,0.25,30,1.5,56,0.017000000000003,"6","48","bge",0.1,"NULL",0.5,2
"gobnilp",300,1,0.25,30,1.5,56,1.499005,"NULL","NULL","bge",0.1,"NULL",0.5,2
"dnc",300,1,0.25,30,1.5,57,326.535,"858140","5551898","bge",0.1,"NULL",0.5,2
"gobnilp",300,1,0.25,30,1.5,57,1.668105,"NULL","NULL","bge",0.1,"NULL",0.5,2
"dnc",300,1,0.25,30,1.5,58,0.0129999999999768,"10","63","bge",0.1,"NULL",0.5,2
"gobnilp",300,1,0.25,30,1.5,58,0.818613,"NULL","NULL","bge",0.1,"NULL",0.5,2
"dnc",300,1,0.25,30,1.5,59,0.0150000000000006,"15","124","bge",0.1,"NULL",0.5,2
"gobnilp",300,1,0.25,30,1.5,59,1.266753,"NULL","NULL","bge",0.1,"NULL",0.5,2
"dnc",300,1,0.25,30,1.5,60,29.428,"88295","532604","bge",0.1,"NULL",0.5,2
"gobnilp",300,1,0.25,30,1.5,60,2.43261,"NULL","NULL","bge",0.1,"NULL",0.5,2
"dnc",300,1,0.25,30,1.5,61,0.268000000000001,"1676","9459","bge",0.1,"NULL",0.5,2
"gobnilp",300,1,0.25,30,1.5,61,1.234109,"NULL","NULL","bge",0.1,"NULL",0.5,2
"dnc",300,1,0.25,30,1.5,62,0.0410000000000004,"163","810","bge",0.1,"NULL",0.5,2
"gobnilp",300,1,0.25,30,1.5,62,0.863182,"NULL","NULL","bge",0.1,"NULL",0.5,2
"dnc",300,1,0.25,30,1.5,63,0.126999999999999,"866","4010","bge",0.1,"NULL",0.5,2
"gobnilp",300,1,0.25,30,1.5,63,1.348539,"NULL","NULL","bge",0.1,"NULL",0.5,2
"dnc",300,1,0.25,30,1.5,64,2.381,"8643","55137","bge",0.1,"NULL",0.5,2
"gobnilp",300,1,0.25,30,1.5,64,2.679455,"NULL","NULL","bge",0.1,"NULL",0.5,2
"dnc",300,1,0.25,30,1.5,65,0.032,"23","172","bge",0.1,"NULL",0.5,2
"gobnilp",300,1,0.25,30,1.5,65,1.14821,"NULL","NULL","bge",0.1,"NULL",0.5,2
"dnc",300,1,0.25,30,1.5,66,1.038,"4136","21503","bge",0.1,"NULL",0.5,2
"gobnilp",300,1,0.25,30,1.5,66,1.779651,"NULL","NULL","bge",0.1,"NULL",0.5,2
"dnc",300,1,0.25,30,1.5,67,0.0179999999999971,"7","60","bge",0.1,"NULL",0.5,2
"gobnilp",300,1,0.25,30,1.5,67,0.932052,"NULL","NULL","bge",0.1,"NULL",0.5,2
"dnc",300,1,0.25,30,1.5,68,284.398,"655080","4370279","bge",0.1,"NULL",0.5,2
"gobnilp",300,1,0.25,30,1.5,68,1.524364,"NULL","NULL","bge",0.1,"NULL",0.5,2
"dnc",300,1,0.25,30,1.5,69,0.138999999999999,"648","3129","bge",0.1,"NULL",0.5,2
"gobnilp",300,1,0.25,30,1.5,69,1.321896,"NULL","NULL","bge",0.1,"NULL",0.5,2
"dnc",300,1,0.25,30,1.5,70,0.626999999999995,"1884","13624","bge",0.1,"NULL",0.5,2
"gobnilp",300,1,0.25,30,1.5,70,1.433705,"NULL","NULL","bge",0.1,"NULL",0.5,2
"dnc",300,1,0.25,30,1.5,71,4.099,"12960","73233","bge",0.1,"NULL",0.5,2
"gobnilp",300,1,0.25,30,1.5,71,3.33964,"NULL","NULL","bge",0.1,"NULL",0.5,2
"dnc",300,1,0.25,30,1.5,72,18.616,"73694","441968","bge",0.1,"NULL",0.5,2
"gobnilp",300,1,0.25,30,1.5,72,2.496515,"NULL","NULL","bge",0.1,"NULL",0.5,2
"dnc",300,1,0.25,30,1.5,73,0.309000000000001,"1195","5990","bge",0.1,"NULL",0.5,2
"gobnilp",300,1,0.25,30,1.5,73,1.70058,"NULL","NULL","bge",0.1,"NULL",0.5,2
"dnc",300,1,0.25,30,1.5,74,13.545,"39578","251009","bge",0.1,"NULL",0.5,2
"gobnilp",300,1,0.25,30,1.5,74,3.286255,"NULL","NULL","bge",0.1,"NULL",0.5,2
"dnc",300,1,0.25,30,1.5,75,0.701000000000001,"3489","19316","bge",0.1,"NULL",0.5,2
"gobnilp",300,1,0.25,30,1.5,75,1.420953,"NULL","NULL","bge",0.1,"NULL",0.5,2
"dnc",300,1,0.25,30,1.5,76,2.355,"5936","40474","bge",0.1,"NULL",0.5,2
"gobnilp",300,1,0.25,30,1.5,76,1.526945,"NULL","NULL","bge",0.1,"NULL",0.5,2
"dnc",300,1,0.25,30,1.5,77,4.491,"9081","89849","bge",0.1,"NULL",0.5,2
"gobnilp",300,1,0.25,30,1.5,77,1.976224,"NULL","NULL","bge",0.1,"NULL",0.5,2
"dnc",300,1,0.25,30,1.5,78,2.195,"6937","47887","bge",0.1,"NULL",0.5,2
"gobnilp",300,1,0.25,30,1.5,78,2.196447,"NULL","NULL","bge",0.1,"NULL",0.5,2
"dnc",300,1,0.25,30,1.5,79,1.619,"6151","35819","bge",0.1,"NULL",0.5,2
"gobnilp",300,1,0.25,30,1.5,79,2.108441,"NULL","NULL","bge",0.1,"NULL",0.5,2
"dnc",300,1,0.25,30,1.5,80,0.0230000000000032,"32","151","bge",0.1,"NULL",0.5,2
"gobnilp",300,1,0.25,30,1.5,80,1.210329,"NULL","NULL","bge",0.1,"NULL",0.5,2
"dnc",300,1,0.25,30,1.5,81,0.936999999999998,"3872","22323","bge",0.1,"NULL",0.5,2
"gobnilp",300,1,0.25,30,1.5,81,1.312402,"NULL","NULL","bge",0.1,"NULL",0.5,2
"dnc",300,1,0.25,30,1.5,82,0.423000000000002,"1283","6660","bge",0.1,"NULL",0.5,2
"gobnilp",300,1,0.25,30,1.5,82,1.618742,"NULL","NULL","bge",0.1,"NULL",0.5,2
"dnc",300,1,0.25,30,1.5,83,6.526,"29844","185904","bge",0.1,"NULL",0.5,2
"gobnilp",300,1,0.25,30,1.5,83,1.771177,"NULL","NULL","bge",0.1,"NULL",0.5,2
"dnc",300,1,0.25,30,1.5,84,0.0169999999999959,"11","72","bge",0.1,"NULL",0.5,2
"gobnilp",300,1,0.25,30,1.5,84,1.20776,"NULL","NULL","bge",0.1,"NULL",0.5,2
"dnc",300,1,0.25,30,1.5,85,0.027000000000001,"60","394","bge",0.1,"NULL",0.5,2
"gobnilp",300,1,0.25,30,1.5,85,1.146327,"NULL","NULL","bge",0.1,"NULL",0.5,2
"dnc",300,1,0.25,30,1.5,86,0.555,"2316","12221","bge",0.1,"NULL",0.5,2
"gobnilp",300,1,0.25,30,1.5,86,2.431112,"NULL","NULL","bge",0.1,"NULL",0.5,2
"dnc",300,1,0.25,30,1.5,87,0.0180000000000007,"7","58","bge",0.1,"NULL",0.5,2
"gobnilp",300,1,0.25,30,1.5,87,1.05426,"NULL","NULL","bge",0.1,"NULL",0.5,2
"dnc",300,1,0.25,30,1.5,88,0.0480000000000018,"297","1281","bge",0.1,"NULL",0.5,2
"gobnilp",300,1,0.25,30,1.5,88,2.20502,"NULL","NULL","bge",0.1,"NULL",0.5,2
"dnc",300,1,0.25,30,1.5,89,0.0289999999999964,"144","650","bge",0.1,"NULL",0.5,2
"gobnilp",300,1,0.25,30,1.5,89,1.095014,"NULL","NULL","bge",0.1,"NULL",0.5,2
"dnc",300,1,0.25,30,1.5,90,1.123,"4232","23365","bge",0.1,"NULL",0.5,2
"gobnilp",300,1,0.25,30,1.5,90,3.263606,"NULL","NULL","bge",0.1,"NULL",0.5,2
"dnc",300,1,0.25,30,1.5,91,11.557,"41481","253955","bge",0.1,"NULL",0.5,2
"gobnilp",300,1,0.25,30,1.5,91,2.00827,"NULL","NULL","bge",0.1,"NULL",0.5,2
"dnc",300,1,0.25,30,1.5,92,0.345999999999997,"1346","7403","bge",0.1,"NULL",0.5,2
"gobnilp",300,1,0.25,30,1.5,92,1.274471,"NULL","NULL","bge",0.1,"NULL",0.5,2
"dnc",300,1,0.25,30,1.5,93,1.746,"7673","41532","bge",0.1,"NULL",0.5,2
"gobnilp",300,1,0.25,30,1.5,93,1.021227,"NULL","NULL","bge",0.1,"NULL",0.5,2
"dnc",300,1,0.25,30,1.5,94,0.0189999999999984,"7","49","bge",0.1,"NULL",0.5,2
"gobnilp",300,1,0.25,30,1.5,94,1.057854,"NULL","NULL","bge",0.1,"NULL",0.5,2
"dnc",300,1,0.25,30,1.5,95,0.0530000000000008,"237","1249","bge",0.1,"NULL",0.5,2
"gobnilp",300,1,0.25,30,1.5,95,1.529872,"NULL","NULL","bge",0.1,"NULL",0.5,2
"dnc",300,1,0.25,30,1.5,96,0.799999999999997,"3275","19293","bge",0.1,"NULL",0.5,2
"gobnilp",300,1,0.25,30,1.5,96,1.814208,"NULL","NULL","bge",0.1,"NULL",0.5,2
"dnc",300,1,0.25,30,1.5,97,0.289999999999999,"1124","6400","bge",0.1,"NULL",0.5,2
"gobnilp",300,1,0.25,30,1.5,97,1.496181,"NULL","NULL","bge",0.1,"NULL",0.5,2
"dnc",300,1,0.25,30,1.5,98,0.036999999999999,"72","353","bge",0.1,"NULL",0.5,2
"gobnilp",300,1,0.25,30,1.5,98,2.152668,"NULL","NULL","bge",0.1,"NULL",0.5,2
"dnc",300,1,0.25,30,1.5,99,0.0659999999999989,"201","1426","bge",0.1,"NULL",0.5,2
"gobnilp",300,1,0.25,30,1.5,99,1.217265,"NULL","NULL","bge",0.1,"NULL",0.5,2
"dnc",300,1,0.25,30,1.5,100,124.345,"331833","2199336","bge",0.1,"NULL",0.5,2
"gobnilp",300,1,0.25,30,1.5,100,1.867031,"NULL","NULL","bge",0.1,"NULL",0.5,2
"dnc",300,1,0.25,30,2,1,180.011,"448703","3201607","bge",0.1,"NULL",0.5,2
"gobnilp",300,1,0.25,30,2,1,2.292115,"NULL","NULL","bge",0.1,"NULL",0.5,2
"dnc",300,1,0.25,30,2,2,44.506,"131156","887286","bge",0.1,"NULL",0.5,2
"gobnilp",300,1,0.25,30,2,2,1.985359,"NULL","NULL","bge",0.1,"NULL",0.5,2
"dnc",300,1,0.25,30,2,3,0.177999999999997,"1128","5449","bge",0.1,"NULL",0.5,2
"gobnilp",300,1,0.25,30,2,3,1.145003,"NULL","NULL","bge",0.1,"NULL",0.5,2
"dnc",300,1,0.25,30,2,4,1193.658,"3769651","24740705","bge",0.1,"NULL",0.5,2
"gobnilp",300,1,0.25,30,2,4,2.54617,"NULL","NULL","bge",0.1,"NULL",0.5,2
"dnc",300,1,0.25,30,2,5,52.858,"183250","1141677","bge",0.1,"NULL",0.5,2
"gobnilp",300,1,0.25,30,2,5,3.536387,"NULL","NULL","bge",0.1,"NULL",0.5,2
"dnc",300,1,0.25,30,2,6,223.782,"531575","3419721","bge",0.1,"NULL",0.5,2
"gobnilp",300,1,0.25,30,2,6,3.085384,"NULL","NULL","bge",0.1,"NULL",0.5,2
"dnc",300,1,0.25,30,2,7,6.75,"22420","143720","bge",0.1,"NULL",0.5,2
"gobnilp",300,1,0.25,30,2,7,2.601802,"NULL","NULL","bge",0.1,"NULL",0.5,2
"dnc",300,1,0.25,30,2,8,996.931,"2272377","15993069","bge",0.1,"NULL",0.5,2
"gobnilp",300,1,0.25,30,2,8,2.119799,"NULL","NULL","bge",0.1,"NULL",0.5,2
"dnc",300,1,0.25,30,2,9,197.885,"468003","3334508","bge",0.1,"NULL",0.5,2
"gobnilp",300,1,0.25,30,2,9,2.069342,"NULL","NULL","bge",0.1,"NULL",0.5,2
"dnc",300,1,0.25,30,2,10,2.58599999999998,"9401","52654","bge",0.1,"NULL",0.5,2
"gobnilp",300,1,0.25,30,2,10,1.117998,"NULL","NULL","bge",0.1,"NULL",0.5,2
"dnc",300,1,0.25,30,2,11,0.302999999999997,"1102","7836","bge",0.1,"NULL",0.5,2
"gobnilp",300,1,0.25,30,2,11,2.533739,"NULL","NULL","bge",0.1,"NULL",0.5,2
"dnc",300,1,0.25,30,2,12,2.344,"5022","31480","bge",0.1,"NULL",0.5,2
"gobnilp",300,1,0.25,30,2,12,2.387429,"NULL","NULL","bge",0.1,"NULL",0.5,2
"dnc",300,1,0.25,30,2,13,235.266,"448361","2935099","bge",0.1,"NULL",0.5,2
"gobnilp",300,1,0.25,30,2,13,1.774021,"NULL","NULL","bge",0.1,"NULL",0.5,2
"dnc",300,1,0.25,30,2,14,2.154,"9175","53107","bge",0.1,"NULL",0.5,2
"gobnilp",300,1,0.25,30,2,14,1.719319,"NULL","NULL","bge",0.1,"NULL",0.5,2
"dnc",300,1,0.25,30,2,15,181.736,"499538","3278305","bge",0.1,"NULL",0.5,2
"gobnilp",300,1,0.25,30,2,15,1.744352,"NULL","NULL","bge",0.1,"NULL",0.5,2
"dnc",300,1,0.25,30,2,16,23.815,"85373","510056","bge",0.1,"NULL",0.5,2
"gobnilp",300,1,0.25,30,2,16,2.395936,"NULL","NULL","bge",0.1,"NULL",0.5,2
"dnc",300,1,0.25,30,2,17,164.882,"464895","3160363","bge",0.1,"NULL",0.5,2
"gobnilp",300,1,0.25,30,2,17,2.244394,"NULL","NULL","bge",0.1,"NULL",0.5,2
"dnc",300,1,0.25,30,2,18,4.459,"20351","119436","bge",0.1,"NULL",0.5,2
"gobnilp",300,1,0.25,30,2,18,1.892997,"NULL","NULL","bge",0.1,"NULL",0.5,2
"dnc",300,1,0.25,30,2,19,5.104,"21391","120436","bge",0.1,"NULL",0.5,2
"gobnilp",300,1,0.25,30,2,19,1.987226,"NULL","NULL","bge",0.1,"NULL",0.5,2
"dnc",300,1,0.25,30,2,20,377.348,"984425","7196786","bge",0.1,"NULL",0.5,2
"gobnilp",300,1,0.25,30,2,20,2.099791,"NULL","NULL","bge",0.1,"NULL",0.5,2
"dnc",300,1,0.25,30,2,21,42.827,"155296","966747","bge",0.1,"NULL",0.5,2
"gobnilp",300,1,0.25,30,2,21,2.769379,"NULL","NULL","bge",0.1,"NULL",0.5,2
"dnc",300,1,0.25,30,2,22,0.219999999999999,"1171","5953","bge",0.1,"NULL",0.5,2
"gobnilp",300,1,0.25,30,2,22,2.409346,"NULL","NULL","bge",0.1,"NULL",0.5,2
"dnc",300,1,0.25,30,2,23,4.756,"16742","91532","bge",0.1,"NULL",0.5,2
"gobnilp",300,1,0.25,30,2,23,3.843019,"NULL","NULL","bge",0.1,"NULL",0.5,2
"dnc",300,1,0.25,30,2,24,15.68,"56260","349283","bge",0.1,"NULL",0.5,2
"gobnilp",300,1,0.25,30,2,24,2.602825,"NULL","NULL","bge",0.1,"NULL",0.5,2
"dnc",300,1,0.25,30,2,25,12.518,"30533","189443","bge",0.1,"NULL",0.5,2
"gobnilp",300,1,0.25,30,2,25,3.061073,"NULL","NULL","bge",0.1,"NULL",0.5,2
"dnc",300,1,0.25,30,2,26,2451.355,"3711899","41001943","bge",0.1,"NULL",0.5,2
"gobnilp",300,1,0.25,30,2,26,1.94511,"NULL","NULL","bge",0.1,"NULL",0.5,2
"dnc",300,1,0.25,30,2,27,941.934,"2437842","17150971","bge",0.1,"NULL",0.5,2
"gobnilp",300,1,0.25,30,2,27,2.034983,"NULL","NULL","bge",0.1,"NULL",0.5,2
"dnc",300,1,0.25,30,2,28,827.354,"2534530","17831100","bge",0.1,"NULL",0.5,2
"gobnilp",300,1,0.25,30,2,28,2.488757,"NULL","NULL","bge",0.1,"NULL",0.5,2
"dnc",300,1,0.25,30,2,29,175.099,"274828","2834961","bge",0.1,"NULL",0.5,2
"gobnilp",300,1,0.25,30,2,29,1.634247,"NULL","NULL","bge",0.1,"NULL",0.5,2
"dnc",300,1,0.25,30,2,30,25.419,"77797","474143","bge",0.1,"NULL",0.5,2
"gobnilp",300,1,0.25,30,2,30,2.530603,"NULL","NULL","bge",0.1,"NULL",0.5,2
"dnc",300,1,0.25,30,2,31,10.858,"31540","192742","bge",0.1,"NULL",0.5,2
"gobnilp",300,1,0.25,30,2,31,2.23076,"NULL","NULL","bge",0.1,"NULL",0.5,2
"dnc",300,1,0.25,30,2,32,191.206,"530626","3303791","bge",0.1,"NULL",0.5,2
"gobnilp",300,1,0.25,30,2,32,3.148087,"NULL","NULL","bge",0.1,"NULL",0.5,2
"dnc",300,1,0.25,30,2,33,384.903,"1040947","6628350","bge",0.1,"NULL",0.5,2
"gobnilp",300,1,0.25,30,2,33,1.847088,"NULL","NULL","bge",0.1,"NULL",0.5,2
"dnc",300,1,0.25,30,2,34,91.006,"234543","1486856","bge",0.1,"NULL",0.5,2
"gobnilp",300,1,0.25,30,2,34,2.481484,"NULL","NULL","bge",0.1,"NULL",0.5,2
"dnc",300,1,0.25,30,2,35,679.806,"1904265","12746092","bge",0.1,"NULL",0.5,2
"gobnilp",300,1,0.25,30,2,35,2.627543,"NULL","NULL","bge",0.1,"NULL",0.5,2
"dnc",300,1,0.25,30,2,36,81.5849999999999,"327861","2113111","bge",0.1,"NULL",0.5,2
"gobnilp",300,1,0.25,30,2,36,1.122923,"NULL","NULL","bge",0.1,"NULL",0.5,2
"dnc",300,1,0.25,30,2,37,8.428,"27417","157635","bge",0.1,"NULL",0.5,2
"gobnilp",300,1,0.25,30,2,37,2.127016,"NULL","NULL","bge",0.1,"NULL",0.5,2
"dnc",300,1,0.25,30,2,38,3.808,"9838","66210","bge",0.1,"NULL",0.5,2
"gobnilp",300,1,0.25,30,2,38,1.78422,"NULL","NULL","bge",0.1,"NULL",0.5,2
"dnc",300,1,0.25,30,2,39,0.271999999999998,"1540","7678","bge",0.1,"NULL",0.5,2
"gobnilp",300,1,0.25,30,2,39,1.481825,"NULL","NULL","bge",0.1,"NULL",0.5,2
"dnc",300,1,0.25,30,2,40,26.336,"79389","484207","bge",0.1,"NULL",0.5,2
"gobnilp",300,1,0.25,30,2,40,1.586166,"NULL","NULL","bge",0.1,"NULL",0.5,2
"dnc",300,1,0.25,30,2,41,0.210000000000001,"1294","5867","bge",0.1,"NULL",0.5,2
"gobnilp",300,1,0.25,30,2,41,3.577345,"NULL","NULL","bge",0.1,"NULL",0.5,2
"dnc",300,1,0.25,30,2,42,1054.369,"2913959","19573253","bge",0.1,"NULL",0.5,2
"gobnilp",300,1,0.25,30,2,42,3.316126,"NULL","NULL","bge",0.1,"NULL",0.5,2
"dnc",300,1,0.25,30,2,43,1112.815,"2523510","24855922","bge",0.1,"NULL",0.5,2
"gobnilp",300,1,0.25,30,2,43,1.764914,"NULL","NULL","bge",0.1,"NULL",0.5,2
"dnc",300,1,0.25,30,2,44,130.792,"324457","3104830","bge",0.1,"NULL",0.5,2
"gobnilp",300,1,0.25,30,2,44,1.589989,"NULL","NULL","bge",0.1,"NULL",0.5,2
"dnc",300,1,0.25,30,2,45,165.706,"440486","3033170","bge",0.1,"NULL",0.5,2
"gobnilp",300,1,0.25,30,2,45,2.006369,"NULL","NULL","bge",0.1,"NULL",0.5,2
"dnc",300,1,0.25,30,2,46,543.279,"1137543","7989900","bge",0.1,"NULL",0.5,2
"gobnilp",300,1,0.25,30,2,46,1.585295,"NULL","NULL","bge",0.1,"NULL",0.5,2
"dnc",300,1,0.25,30,2,47,614.028,"1250072","8904932","bge",0.1,"NULL",0.5,2
"gobnilp",300,1,0.25,30,2,47,1.375281,"NULL","NULL","bge",0.1,"NULL",0.5,2
"dnc",300,1,0.25,30,2,48,187.444,"660836","4327199","bge",0.1,"NULL",0.5,2
"gobnilp",300,1,0.25,30,2,48,1.787099,"NULL","NULL","bge",0.1,"NULL",0.5,2
"dnc",300,1,0.25,30,2,49,322.671,"759712","5187349","bge",0.1,"NULL",0.5,2
"gobnilp",300,1,0.25,30,2,49,1.843515,"NULL","NULL","bge",0.1,"NULL",0.5,2
"dnc",300,1,0.25,30,2,50,7.142,"29619","168691","bge",0.1,"NULL",0.5,2
"gobnilp",300,1,0.25,30,2,50,1.595069,"NULL","NULL","bge",0.1,"NULL",0.5,2
"dnc",300,1,0.25,30,2,51,105.656,"340955","2161155","bge",0.1,"NULL",0.5,2
"gobnilp",300,1,0.25,30,2,51,1.559136,"NULL","NULL","bge",0.1,"NULL",0.5,2
"dnc",300,1,0.25,30,2,52,7.24799999999999,"36242","205116","bge",0.1,"NULL",0.5,2
"gobnilp",300,1,0.25,30,2,52,3.457,"NULL","NULL","bge",0.1,"NULL",0.5,2
"dnc",300,1,0.25,30,2,53,54.41,"154414","952172","bge",0.1,"NULL",0.5,2
"gobnilp",300,1,0.25,30,2,53,3.901439,"NULL","NULL","bge",0.1,"NULL",0.5,2
"dnc",300,1,0.25,30,2,54,151.755,"292710","2532622","bge",0.1,"NULL",0.5,2
"gobnilp",300,1,0.25,30,2,54,5.065427,"NULL","NULL","bge",0.1,"NULL",0.5,2
"dnc",300,1,0.25,30,2,55,274.182,"771167","4846762","bge",0.1,"NULL",0.5,2
"gobnilp",300,1,0.25,30,2,55,3.633905,"NULL","NULL","bge",0.1,"NULL",0.5,2
"dnc",300,1,0.25,30,2,56,0.0179999999999723,"38","178","bge",0.1,"NULL",0.5,2
"gobnilp",300,1,0.25,30,2,56,1.503811,"NULL","NULL","bge",0.1,"NULL",0.5,2
"dnc",300,1,0.25,30,2,57,1323.218,"3203000","21766857","bge",0.1,"NULL",0.5,2
"gobnilp",300,1,0.25,30,2,57,3.004047,"NULL","NULL","bge",0.1,"NULL",0.5,2
"dnc",300,1,0.25,30,2,58,0.324000000000069,"2021","10712","bge",0.1,"NULL",0.5,2
"gobnilp",300,1,0.25,30,2,58,1.071957,"NULL","NULL","bge",0.1,"NULL",0.5,2
"dnc",300,1,0.25,30,2,59,62.843,"152900","1307064","bge",0.1,"NULL",0.5,2
"gobnilp",300,1,0.25,30,2,59,1.907474,"NULL","NULL","bge",0.1,"NULL",0.5,2
"dnc",300,1,0.25,30,2,60,222.479,"419987","4162235","bge",0.1,"NULL",0.5,2
"gobnilp",300,1,0.25,30,2,60,3.804388,"NULL","NULL","bge",0.1,"NULL",0.5,2
"dnc",300,1,0.25,30,2,61,160.849,"425397","2784398","bge",0.1,"NULL",0.5,2
"gobnilp",300,1,0.25,30,2,61,3.01376,"NULL","NULL","bge",0.1,"NULL",0.5,2
"dnc",300,1,0.25,30,2,62,159.613,"392565","2815721","bge",0.1,"NULL",0.5,2
"gobnilp",300,1,0.25,30,2,62,1.338713,"NULL","NULL","bge",0.1,"NULL",0.5,2
"dnc",300,1,0.25,30,2,63,1.61499999999999,"5551","32103","bge",0.1,"NULL",0.5,2
"gobnilp",300,1,0.25,30,2,63,1.738217,"NULL","NULL","bge",0.1,"NULL",0.5,2
"dnc",300,1,0.25,30,2,64,69.966,"162517","1073257","bge",0.1,"NULL",0.5,2
"gobnilp",300,1,0.25,30,2,64,2.037606,"NULL","NULL","bge",0.1,"NULL",0.5,2
"dnc",300,1,0.25,30,2,65,0.267000000000003,"1187","6890","bge",0.1,"NULL",0.5,2
"gobnilp",300,1,0.25,30,2,65,1.736961,"NULL","NULL","bge",0.1,"NULL",0.5,2
"dnc",300,1,0.25,30,2,66,24.522,"47666","311635","bge",0.1,"NULL",0.5,2
"gobnilp",300,1,0.25,30,2,66,2.513292,"NULL","NULL","bge",0.1,"NULL",0.5,2
"dnc",300,1,0.25,30,2,67,18.542,"45994","309236","bge",0.1,"NULL",0.5,2
"gobnilp",300,1,0.25,30,2,67,1.130162,"NULL","NULL","bge",0.1,"NULL",0.5,2
"dnc",300,1,0.25,30,2,68,387.512,"993357","6843781","bge",0.1,"NULL",0.5,2
"gobnilp",300,1,0.25,30,2,68,1.477328,"NULL","NULL","bge",0.1,"NULL",0.5,2
"dnc",300,1,0.25,30,2,69,224.389,"492378","3446484","bge",0.1,"NULL",0.5,2
"gobnilp",300,1,0.25,30,2,69,1.872617,"NULL","NULL","bge",0.1,"NULL",0.5,2
"dnc",300,1,0.25,30,2,70,19.666,"57962","381584","bge",0.1,"NULL",0.5,2
"gobnilp",300,1,0.25,30,2,70,1.399429,"NULL","NULL","bge",0.1,"NULL",0.5,2
"dnc",300,1,0.25,30,2,71,10.057,"28879","168762","bge",0.1,"NULL",0.5,2
"gobnilp",300,1,0.25,30,2,71,2.520702,"NULL","NULL","bge",0.1,"NULL",0.5,2
"dnc",300,1,0.25,30,2,72,254.967,"658524","4299567","bge",0.1,"NULL",0.5,2
"gobnilp",300,1,0.25,30,2,72,2.37708,"NULL","NULL","bge",0.1,"NULL",0.5,2
"dnc",300,1,0.25,30,2,73,63.962,"149418","937046","bge",0.1,"NULL",0.5,2
"gobnilp",300,1,0.25,30,2,73,2.35276,"NULL","NULL","bge",0.1,"NULL",0.5,2
"dnc",300,1,0.25,30,2,74,335.393,"855989","5654436","bge",0.1,"NULL",0.5,2
"gobnilp",300,1,0.25,30,2,74,1.815004,"NULL","NULL","bge",0.1,"NULL",0.5,2
"dnc",300,1,0.25,30,2,75,11.606,"42265","254081","bge",0.1,"NULL",0.5,2
"gobnilp",300,1,0.25,30,2,75,2.784006,"NULL","NULL","bge",0.1,"NULL",0.5,2
"dnc",300,1,0.25,30,2,76,4.86,"16897","101891","bge",0.1,"NULL",0.5,2
"gobnilp",300,1,0.25,30,2,76,2.118438,"NULL","NULL","bge",0.1,"NULL",0.5,2
"dnc",300,1,0.25,30,2,77,20.161,"46098","287255","bge",0.1,"NULL",0.5,2
"gobnilp",300,1,0.25,30,2,77,4.244333,"NULL","NULL","bge",0.1,"NULL",0.5,2
"dnc",300,1,0.25,30,2,78,9.232,"31776","189911","bge",0.1,"NULL",0.5,2
"gobnilp",300,1,0.25,30,2,78,2.759569,"NULL","NULL","bge",0.1,"NULL",0.5,2
"dnc",300,1,0.25,30,2,79,39.905,"102835","768059","bge",0.1,"NULL",0.5,2
"gobnilp",300,1,0.25,30,2,79,5.665535,"NULL","NULL","bge",0.1,"NULL",0.5,2
"dnc",300,1,0.25,30,2,80,0.0430000000000064,"148","874","bge",0.1,"NULL",0.5,2
"gobnilp",300,1,0.25,30,2,80,1.353427,"NULL","NULL","bge",0.1,"NULL",0.5,2
"dnc",300,1,0.25,30,2,81,9.267,"23373","144729","bge",0.1,"NULL",0.5,2
"gobnilp",300,1,0.25,30,2,81,3.049364,"NULL","NULL","bge",0.1,"NULL",0.5,2
"dnc",300,1,0.25,30,2,82,78.253,"182610","1537015","bge",0.1,"NULL",0.5,2
"gobnilp",300,1,0.25,30,2,82,1.886954,"NULL","NULL","bge",0.1,"NULL",0.5,2
"dnc",300,1,0.25,30,2,83,1018.286,"2858747","19541125","bge",0.1,"NULL",0.5,2
"gobnilp",300,1,0.25,30,2,83,1.724427,"NULL","NULL","bge",0.1,"NULL",0.5,2
"dnc",300,1,0.25,30,2,84,0.01299999999992,"17","111","bge",0.1,"NULL",0.5,2
"gobnilp",300,1,0.25,30,2,84,0.946814,"NULL","NULL","bge",0.1,"NULL",0.5,2
"dnc",300,1,0.25,30,2,85,70.995,"133866","1354546","bge",0.1,"NULL",0.5,2
"gobnilp",300,1,0.25,30,2,85,2.856102,"NULL","NULL","bge",0.1,"NULL",0.5,2
"dnc",300,1,0.25,30,2,86,50.335,"188040","1167013","bge",0.1,"NULL",0.5,2
"gobnilp",300,1,0.25,30,2,86,1.646095,"NULL","NULL","bge",0.1,"NULL",0.5,2
"dnc",300,1,0.25,30,2,87,0.017000000000003,"21","105","bge",0.1,"NULL",0.5,2
"gobnilp",300,1,0.25,30,2,87,2.314209,"NULL","NULL","bge",0.1,"NULL",0.5,2
"dnc",300,1,0.25,30,2,88,30.813,"80451","498638","bge",0.1,"NULL",0.5,2
"gobnilp",300,1,0.25,30,2,88,1.792734,"NULL","NULL","bge",0.1,"NULL",0.5,2
"dnc",300,1,0.25,30,2,89,4.16399999999999,"14595","80903","bge",0.1,"NULL",0.5,2
"gobnilp",300,1,0.25,30,2,89,2.78002,"NULL","NULL","bge",0.1,"NULL",0.5,2
"dnc",300,1,0.25,30,2,90,12.36,"35448","251090","bge",0.1,"NULL",0.5,2
"gobnilp",300,1,0.25,30,2,90,2.204474,"NULL","NULL","bge",0.1,"NULL",0.5,2
"dnc",300,1,0.25,30,2,91,463.166,"1286561","9202208","bge",0.1,"NULL",0.5,2
"gobnilp",300,1,0.25,30,2,91,1.418551,"NULL","NULL","bge",0.1,"NULL",0.5,2
"dnc",300,1,0.25,30,2,92,3.02099999999996,"9775","90481","bge",0.1,"NULL",0.5,2
"gobnilp",300,1,0.25,30,2,92,1.258945,"NULL","NULL","bge",0.1,"NULL",0.5,2
"dnc",300,1,0.25,30,2,93,184.348,"470979","3115434","bge",0.1,"NULL",0.5,2
"gobnilp",300,1,0.25,30,2,93,2.656059,"NULL","NULL","bge",0.1,"NULL",0.5,2
"dnc",300,1,0.25,30,2,94,0.164000000000016,"887","4274","bge",0.1,"NULL",0.5,2
"gobnilp",300,1,0.25,30,2,94,1.28347,"NULL","NULL","bge",0.1,"NULL",0.5,2
"dnc",300,1,0.25,30,2,95,5.03,"12881","115786","bge",0.1,"NULL",0.5,2
"gobnilp",300,1,0.25,30,2,95,3.022961,"NULL","NULL","bge",0.1,"NULL",0.5,2
"dnc",300,1,0.25,30,2,96,105.844,"291096","1915755","bge",0.1,"NULL",0.5,2
"gobnilp",300,1,0.25,30,2,96,2.328613,"NULL","NULL","bge",0.1,"NULL",0.5,2
"dnc",300,1,0.25,30,2,97,6.264,"19759","150082","bge",0.1,"NULL",0.5,2
"gobnilp",300,1,0.25,30,2,97,3.242583,"NULL","NULL","bge",0.1,"NULL",0.5,2
"dnc",300,1,0.25,30,2,98,7.133,"20461","119221","bge",0.1,"NULL",0.5,2
"gobnilp",300,1,0.25,30,2,98,2.63417,"NULL","NULL","bge",0.1,"NULL",0.5,2
"dnc",300,1,0.25,30,2,99,0.0440000000000111,"209","1172","bge",0.1,"NULL",0.5,2
"gobnilp",300,1,0.25,30,2,99,1.611931,"NULL","NULL","bge",0.1,"NULL",0.5,2
"dnc",300,1,0.25,30,2,100,76.701,"214708","1474263","bge",0.1,"NULL",0.5,2
"gobnilp",300,1,0.25,30,2,100,2.301036,"NULL","NULL","bge",0.1,"NULL",0.5,2
